Workbook

Sheet Guidelines
A1: MALAWI 2024 LLIN MASS CAMPAIGN
A3: Please read instructions before you start using this template
A4: This template contains eleven (11) worksheets; Guidlines, Unit cost, Staff List, District Microplan-To be filled, Quantification, Log cost, Training HHR, Implementation of HHR, Training distribution teams, LLIN distribution, data management and comments. Data should be entered on worksheets colored "GREEN" and marked "YES" under "TO BE COMPLETED BY DISTRICT" Column below
A5: WORKSHEET/TAB | B5: DESCRIPTION | I5: TO BE COMPLETED BY DISTRICT
A6: Guidelines | B6: This worksheet provides the instructions for completing this budget and microplanning template | I6: NO
A7: Unit cost | B7: This worksheets is to be completed by the districts based on information collected from health facility and community level on mass Campain. Complete white shaded areas only | I7: YES
A8: Stafflist | B8: This worksheet is to be completed by the districts based on information collected from health facility and community on mass campaign. List all campaign personel including volunteers.
A9: District Microplan-To be filled | B9: This worksheets is to be completed by the districts based on information collected from health facility and community on mass Campain. Complete white shaded areas only (if necessary). Insert a row at the end of each distribution point (Dp) to mark the end of data entry for each dp. | I9: YES
A10: Quantification | I10: NO
A11: Log costs | I11: NO
A12: Training HHR team | I12: NO
A13: Implementation of HHR | I13: NO
A14: Training distribution teams | I14: NO
A15: Summary | B15: The summary worksheet provides overview of the total budget by cost component | I15: NO
A16: Comments | B16: This sheet should be used for additional comments needed for review of microplan. Complete white shaded areas only | I16: YES
A19: For additional assistance contact | B19: Name | D19: Mobile number | E19: e-mail address
B20: Dr . Leonard Dandalo | C20: Technical Sub C | D20: 885534442 | E20: leonard_dandalo@abtassoc.com
B21: Norman Lakalaka | C21: Logistics Sub C | D21: 999402296 | E21: lakalakan@yahoo.com
B22: Lazarous Mangazi | C22: Finance Sub C | E22: lazarous.mangazi@mohpiu.com
B23: Austin Gumbo | C23: M & E and Digitalization Sub C | D23: 888319504 | E23: aagumbo@yahoo.co.uk
B24: Trinitas Mvalo | C24: SBCC Sub C | D24: 999121400 | E24: trinitasm@gmail.com
B25: Akuzike Tauzi | C25: NMCP | D25: 991694375 | E25: akuziketauzi@yahoo.com
A27: ASSUMPTION
B28: Number of Distribution Sites | C28: The average number of distribution sites is to be derived by dividing the total population by 4,000 (Each Distribution Site to manage an average of 4,000 persons)
C29: The avearge number of distribution points should be derived by multiplying the number of distribution sites by 4 (Each Distribution Site will be made up of average of 4 DPs).
B30: Volunteers | C30: 1 HSA will work with 1 volunteer

Sheet Unit Cost
B1: UNIT COST
B2: Item | C2: cost
B3: Refreshment for District level
B4: Airtime
B5: Lunch at district level
B6: Lunch at HHR & distribution team trainings
B7: Transport refund for District supervisors
B8: Transport refund for HF supervisors
B9: Transport refund for HF supervisors (During the HHR)
B10: Unit cost fuel
B11: Transportation reimbursement for HHA and distribution teams
B12: Hall hire at district level
B13: Hall hire for training of HHA and distribution teams
B14: DSA for national level staff
... B52: Hiring a drama group

Sheet Stafflist
A1: Surname | B1: First Name | C1: Middle Name | D1: Mobile network | E1: Phone Number | F1: Position | G1: District | H1: Health Facility | I1: Role 1

Sheet Transport plan
A1: Health facility | B1: Name of distribution site (DS) | C1: Total ITNs to the Distribution Site | D1: Bale/Distribution Site | E1: LOOSE NETS/ Distribution Site | F1: Tonnage | G1: Maximum distance (km) between the cluster warehouse and the distribution site | H1: Condition of the road from cluster warehouse to distribution site | I1: The Type and number of transport to use. | J1: Route | K1: Route/ Distribution
D2: =ROUNDDOWN((C2/50),0) -> 0 | E2: =ROUND((C2-(D2*$P$11)),0) -> 0
D3: =ROUNDDOWN((C3/50),0) -> 0 | E3: =ROUND((C3-(D3*$P$11)),0) -> 0
D4: =ROUNDDOWN((C4/50),0) -> 0 | E4: =ROUND((C4-(D4*$P$11)),0) -> 0
D5: =ROUNDDOWN((C5/50),0) -> 0 | E5: =ROUND((C5-(D5*$P$11)),0) -> 0
D6: =ROUNDDOWN((C6/50),0) -> 0 | E6: =ROUND((C6-(D6*$P$11)),0) -> 0
D7: =ROUNDDOWN((C7/50),0) -> 0 | E7: =ROUND((C7-(D7*$P$11)),0) -> 0
D8: =ROUNDDOWN((C8/50),0) -> 0 | E8: =ROUND((C8-(D8*$P$11)),0) -> 0
D9: =ROUNDDOWN((C9/50),0) -> 0 | E9: =ROUND((C9-(D9*$P$11)),0) -> 0
D10: =ROUNDDOWN((C10/50),0) -> 0 | E10: =ROUND((C10-(D10*$P$11)),0) -> 0
D11: =ROUNDDOWN((C11/50),0) -> 0 | E11: =ROUND((C11-(D11*$P$11)),0) -> 0
D12: =ROUNDDOWN((C12/50),0) -> 0 | E12: =ROUND((C12-(D12*$P$11)),0) -> 0
D13: =ROUNDDOWN((C13/50),0) -> 0 | E13: =ROUND((C13-(D13*$P$11)),0) -> 0
A32: =COUNTA(A24:A31) -> 0 | B32: =COUNTA(B24:B31) -> 0
A43: =COUNTA(A33:A42) -> 0 | B43: =COUNTA(B33:B42) -> 0
A56: =COUNTA(A44:A55) -> 0 | B56: =COUNTA(B44:B55) -> 0
A66: =COUNTA(A57) -> 0 | B66: =COUNTA(B57:B65) -> 0
A72: =COUNTA(A67:A71) -> 0 | B72: =COUNTA(B67:B71) -> 0
A84: =COUNTA(A73:A83) -> 0 | B84: =COUNTA(73:83) -> 0
A95: =COUNTA(A85) -> 0 | B95: =COUNTA(B84:B94) -> 1
A111: =COUNTA(A96) -> 0 | B111: =COUNTA(B96:B110) -> 0
A117: =COUNTA(A112) -> 0 | B117: =COUNTA(B96:B110) -> 0
A129: =COUNTA(A118:A128) -> 0 | B129: =COUNTA(B117:B128) -> 1
A140: =COUNTA(A130:A139) -> 0 | B140: =COUNTA(B130:B139) -> 0
A147: =COUNTA(A141:A146) -> 0 | B147: =COUNTA(B141:B146) -> 0
A155: =COUNTA(A148:A154) -> 0 | B155: =COUNTA(B148:B154) -> 0
A173: =COUNTA(A156:A171) -> 0 | B173: =COUNTA(B156:B172) -> 0
A180: =COUNTA(A174:A179) -> 0 | B180: =COUNTA(B174:B179) -> 0
A181: =SUM(A14+A23+A32+A43+A56+A66+A72+A84+A95+A111+A117+A129+A140+A147+A155+A173+A180) -> 0 | B181: =SUM(B14+B23+B32+B43+B56+B66+B72+B84+B95+B111+B117+B129+B140+B147+B155+B173+B180) -> 2

Sheet MP (To Be Filled) Rural
E3: REGION | G3: HEALTH DISTRICT
B4: ='MP (To Be Filled) Rural'!F3S -> #NAME? | E4: Number of Digital support supervisors | F4: =J4 -> 0 | I4: Number of district supervisors | J4: =ROUND((F9/K4),0) -> 0 | K4: 5
E5: Total population : | F5: =J1371 -> 0 | I5: No. distribution points: | J5: =F1371 -> 0
E6: Number of households: | F6: =K1371 -> 0 | I6: No. HSAs: | J6: =J5 -> 0 | N6: Sum up the total number of nets in Column "K" FOR EACH DP | Q6: Sum up the total number of nets in Column "M" FOR EACH DS
E7: Number of LLIN: (BALES) | F7: =O1371 -> 0 | I7: No.Health Facility supervisors: | J7: =X1371 -> 17
E8: Number of LLIN: (PIECES) | F8: =P1371 -> 0 | I8: No. distribution team members: | J8: =J5*4 -> 0
E9: Number of health facilities: | F9: =B1371 -> 0 | I9: No of Distribution Site Supervisors: | J9: =E1371 -> 2
E10: Number of villages: | F10: =I1371 -> 1 | I10: No of HHR team members | J10: =J5*2 -> 0
K11: 4.4 | L11: 1.8 | M11: 50 | O11: 50 | P11: 50 | X11: 6 | Y11: 4
A12: Serial Number | B12: Health facility | C12: Name of Facility in Charge | D12: Phone Number of Facility in Charge | E12: Name of distribution site (DS) | F12: Name of HSA (distribution point) (DP) | G12: Phone Number of HSA in Charge of DP | H12: CATCHMENT AREA | I12: Villages in catchment area of DP (List Serially by each row) | J12: 2024 Population ( by head count) | K12: Number of households (average HH size of 4.4) | L12: Total Number of LLIN/Village | M12: Number of bales/Village | N12: Total ITNs to the Distribution Point | O12: Bale/Distribution Point | P12: LOOSE NETS/Distribution Point | Q12: Total ITNs to the Distribution Site | R12: Bale/Distribution Site | S12: LOOSE NETS/Distribution Site | T12: Maximum distance (km) between the cluster warehouse and the distribution site | U12: Condition of the road from cluster warehouse to distribution site | V12: The Type and number of transport to use. | W12: Route | X12: Number of HF supervisors for HHR (1 sup:6 HHR teams) | Y12: Number of Distribution Team Members/HF
A13: 1 | K13: =J13/$K$11 -> 0 | L13: =J13/$L$11 -> 0 | M13: =ROUND((L13/$M$11),0) -> 0 | N13: =L13 -> 0 | O13: =ROUNDDOWN((N13/$O$11),0) -> 0 | P13: =ROUND((N13-(O13*$P$11)),0) -> 0 | R13: =ROUNDDOWN((Q13/$O$11),0) -> 0 | S13: =ROUND((Q13-(R13*$P$11)),0) -> 0 | X13: =F83/$X$11 -> 0
K14: =J14/$K$11 -> 0 | L14: =J14/$L$11 -> 0 | M14: =ROUND((L14/$M$11),0) -> 0 | N14: =L14 -> 0 | O14: =ROUNDDOWN((N14/$O$11),0) -> 0 | P14: =ROUND((N14-(O14*$P$11)),0) -> 0 | R14: =ROUNDDOWN((Q14/$O$11),0) -> 0 | S14: =ROUND((Q14-(R14*$P$11)),0) -> 0
K15: =J15/$K$11 -> 0 | L15: =J15/$L$11 -> 0 | M15: =ROUND((L15/$M$11),0) -> 0 | N15: =L15 -> 0 | O15: =ROUNDDOWN((N15/$O$11),0) -> 0 | P15: =ROUND((N15-(O15*$P$11)),0) -> 0 | R15: =ROUNDDOWN((Q15/$O$11),0) -> 0 | S15: =ROUND((Q15-(R15*$P$11)),0) -> 0
K16: =J16/$K$11 -> 0 | L16: =J16/$L$11 -> 0 | M16: =ROUND((L16/$M$11),0) -> 0 | N16: =L16 -> 0 | O16: =ROUNDDOWN((N16/$O$11),0) -> 0 | P16: =ROUND((N16-(O16*$P$11)),0) -> 0 | Q16: =SUM(N13:N16) -> 0 | R16: =ROUNDDOWN((Q16/$O$11),0) -> 0 | S16: =ROUND((Q16-(R16*$P$11)),0) -> 0
K18: =J18/$K$11 -> 0 | L18: =J18/$L$11 -> 0 | M18: =ROUND((L18/$M$11),0) -> 0 | N18: =L18 -> 0 | O18: =ROUNDDOWN((N18/$O$11),0) -> 0 | P18: =ROUND((N18-(O18*$P$11)),0) -> 0 | R18: =ROUNDDOWN((Q18/$O$11),0) -> 0 | S18: =ROUND((Q18-(R18*$P$11)),0) -> 0
K19: =J19/$K$11 -> 0 | L19: =J19/$L$11 -> 0 | M19: =ROUND((L19/$M$11),0) -> 0 | N19: =L19 -> 0 | O19: =ROUNDDOWN((N19/$O$11),0) -> 0 | P19: =ROUND((N19-(O19*$P$11)),0) -> 0 | R19: =ROUNDDOWN((Q19/$O$11),0) -> 0 | S19: =ROUND((Q19-(R19*$P$11)),0) -> 0
K20: =J20/$K$11 -> 0 | L20: =J20/$L$11 -> 0 | M20: =ROUND((L20/$M$11),0) -> 0 | O20: =ROUNDDOWN((N20/$O$11),0) -> 0 | P20: =ROUND((N20-(O20*$P$11)),0) -> 0 | R20: =ROUNDDOWN((Q20/$O$11),0) -> 0 | S20: =ROUND((Q20-(R20*$P$11)),0) -> 0
K21: =J21/$K$11 -> 0 | L21: =J21/$L$11 -> 0 | M21: =ROUND((L21/$M$11),0) -> 0 | N21: =L20+L21 -> 0 | O21: =ROUNDDOWN((N21/$O$11),0) -> 0 | P21: =ROUND((N21-(O21*$P$11)),0) -> 0 | Q21: =SUM(N18:N21) -> 0 | R21: =ROUNDDOWN((Q21/$O$11),0) -> 0 | S21: =ROUND((Q21-(R21*$P$11)),0) -> 0
K23: =J23/$K$11 -> 0 | L23: =J23/$L$11 -> 0 | M23: =ROUND((L23/$M$11),0) -> 0 | N23: =L23 -> 0 | O23: =ROUNDDOWN((N23/$O$11),0) -> 0 | P23: =ROUND((N23-(O23*$P$11)),0) -> 0 | R23: =ROUNDDOWN((Q23/$O$11),0) -> 0 | S23: =ROUND((Q23-(R23*$P$11)),0) -> 0
K24: =J24/$K$11 -> 0 | L24: =J24/$L$11 -> 0 | M24: =ROUND((L24/$M$11),0) -> 0 | N24: =L24 -> 0 | O24: =ROUNDDOWN((N24/$O$11),0) -> 0 | P24: =ROUND((N24-(O24*$P$11)),0) -> 0 | R24: =ROUNDDOWN((Q24/$O$11),0) -> 0 | S24: =ROUND((Q24-(R24*$P$11)),0) -> 0
K25: =J25/$K$11 -> 0 | L25: =J25/$L$11 -> 0 | M25: =ROUND((L25/$M$11),0) -> 0 | O25: =ROUNDDOWN((N25/$O$11),0) -> 0 | P25: =ROUND((N25-(O25*$P$11)),0) -> 0 | R25: =ROUNDDOWN((Q25/$O$11),0) -> 0 | S25: =ROUND((Q25-(R25*$P$11)),0) -> 0
K26: =J26/$K$11 -> 0 | L26: =J26/$L$11 -> 0 | M26: =ROUND((L26/$M$11),0) -> 0 | O26: =ROUNDDOWN((N26/$O$11),0) -> 0 | P26: =ROUND((N26-(O26*$P$11)),0) -> 0 | R26: =ROUNDDOWN((Q26/$O$11),0) -> 0 | S26: =ROUND((Q26-(R26*$P$11)),0) -> 0
K27: =J27/$K$11 -> 0 | L27: =J27/$L$11 -> 0 | M27: =ROUND((L27/$M$11),0) -> 0 | N27: =L25+L26+L27 -> 0 | O27: =ROUNDDOWN((N27/$O$11),0) -> 0 | P27: =ROUND((N27-(O27*$P$11)),0) -> 0 | Q27: =SUM(N23:N27) -> 0 | R27: =ROUNDDOWN((Q27/$O$11),0) -> 0 | S27: =ROUND((Q27-(R27*$P$11)),0) -> 0
K29: =J29/$K$11 -> 0 | L29: =J29/$L$11 -> 0 | M29: =ROUND((L29/$M$11),0) -> 0 | N29: =L29 -> 0 | O29: =ROUNDDOWN((N29/$O$11),0) -> 0 | P29: =ROUND((N29-(O29*$P$11)),0) -> 0 | R29: =ROUNDDOWN((Q29/$O$11),0) -> 0 | S29: =ROUND((Q29-(R29*$P$11)),0) -> 0
K30: =J30/$K$11 -> 0 | L30: =J30/$L$11 -> 0 | M30: =ROUND((L30/$M$11),0) -> 0 | N30: =L30 -> 0 | O30: =ROUNDDOWN((N30/$O$11),0) -> 0 | P30: =ROUND((N30-(O30*$P$11)),0) -> 0 | R30: =ROUNDDOWN((Q30/$O$11),0) -> 0 | S30: =ROUND((Q30-(R30*$P$11)),0) -> 0
K31: =J31/$K$11 -> 0 | L31: =J31/$L$11 -> 0 | M31: =ROUND((L31/$M$11),0) -> 0 | N31: =L31 -> 0 | O31: =ROUNDDOWN((N31/$O$11),0) -> 0 | P31: =ROUND((N31-(O31*$P$11)),0) -> 0 | R31: =ROUNDDOWN((Q31/$O$11),0) -> 0 | S31: =ROUND((Q31-(R31*$P$11)),0) -> 0
K32: =J32/$K$11 -> 0 | L32: =J32/$L$11 -> 0 | M32: =ROUND((L32/$M$11),0) -> 0 | N32: =L32 -> 0 | O32: =ROUNDDOWN((N32/$O$11),0) -> 0 | P32: =ROUND((N32-(O32*$P$11)),0) -> 0 | Q32: =SUM(N29:N32) -> 0 | R32: =ROUNDDOWN((Q32/$O$11),0) -> 0 | S32: =ROUND((Q32-(R32*$P$11)),0) -> 0
K34: =J34/$K$11 -> 0 | L34: =J34/$L$11 -> 0 | M34: =ROUND((L34/$M$11),0) -> 0 | O34: =ROUNDDOWN((N34/$O$11),0) -> 0 | P34: =ROUND((N34-(O34*$P$11)),0) -> 0 | R34: =ROUNDDOWN((Q34/$O$11),0) -> 0 | S34: =ROUND((Q34-(R34*$P$11)),0) -> 0
K35: =J35/$K$11 -> 0 | L35: =J35/$L$11 -> 0 | M35: =ROUND((L35/$M$11),0) -> 0 | N35: =L34+L35 -> 0 | O35: =ROUNDDOWN((N35/$O$11),0) -> 0 | P35: =ROUND((N35-(O35*$P$11)),0) -> 0 | R35: =ROUNDDOWN((Q35/$O$11),0) -> 0 | S35: =ROUND((Q35-(R35*$P$11)),0) -> 0
K36: =J36/$K$11 -> 0 | L36: =J36/$L$11 -> 0 | M36: =ROUND((L36/$M$11),0) -> 0 | N36: =L36 -> 0 | O36: =ROUNDDOWN((N36/$O$11),0) -> 0 | P36: =ROUND((N36-(O36*$P$11)),0) -> 0 | R36: =ROUNDDOWN((Q36/$O$11),0) -> 0 | S36: =ROUND((Q36-(R36*$P$11)),0) -> 0
K37: =J37/$K$11 -> 0 | L37: =J37/$L$11 -> 0 | M37: =ROUND((L37/$M$11),0) -> 0 | O37: =ROUNDDOWN((N37/$O$11),0) -> 0 | P37: =ROUND((N37-(O37*$P$11)),0) -> 0 | R37: =ROUNDDOWN((Q37/$O$11),0) -> 0 | S37: =ROUND((Q37-(R37*$P$11)),0) -> 0
K38: =J38/$K$11 -> 0 | L38: =J38/$L$11 -> 0 | M38: =ROUND((L38/$M$11),0) -> 0 | N38: =L37+L38 -> 0 | O38: =ROUNDDOWN((N38/$O$11),0) -> 0 | P38: =ROUND((N38-(O38*$P$11)),0) -> 0 | Q38: =SUM(N35:N38) -> 0 | R38: =ROUNDDOWN((Q38/$O$11),0) -> 0 | S38: =ROUND((Q38-(R38*$P$11)),0) -> 0
K40: =J40/$K$11 -> 0 | L40: =J40/$L$11 -> 0 | M40: =ROUND((L40/$M$11),0) -> 0 | O40: =ROUNDDOWN((N40/$O$11),0) -> 0 | P40: =ROUND((N40-(O40*$P$11)),0) -> 0 | R40: =ROUNDDOWN((Q40/$O$11),0) -> 0 | S40: =ROUND((Q40-(R40*$P$11)),0) -> 0
K41: =J41/$K$11 -> 0 | L41: =J41/$L$11 -> 0 | M41: =ROUND((L41/$M$11),0) -> 0 | O41: =ROUNDDOWN((N41/$O$11),0) -> 0 | P41: =ROUND((N41-(O41*$P$11)),0) -> 0 | R41: =ROUNDDOWN((Q41/$O$11),0) -> 0 | S41: =ROUND((Q41-(R41*$P$11)),0) -> 0
K42: =J42/$K$11 -> 0 | L42: =J42/$L$11 -> 0 | M42: =ROUND((L42/$M$11),0) -> 0 | O42: =ROUNDDOWN((N42/$O$11),0) -> 0 | P42: =ROUND((N42-(O42*$P$11)),0) -> 0 | R42: =ROUNDDOWN((Q42/$O$11),0) -> 0 | S42: =ROUND((Q42-(R42*$P$11)),0) -> 0
K43: =J43/$K$11 -> 0 | L43: =J43/$L$11 -> 0 | M43: =ROUND((L43/$M$11),0) -> 0 | N43: =SUM(L40:L43) -> 0 | O43: =ROUNDDOWN((N43/$O$11),0) -> 0 | P43: =ROUND((N43-(O43*$P$11)),0) -> 0 | R43: =ROUNDDOWN((Q43/$O$11),0) -> 0 | S43: =ROUND((Q43-(R43*$P$11)),0) -> 0
K44: =J44/$K$11 -> 0 | L44: =J44/$L$11 -> 0 | M44: =ROUND((L44/$M$11),0) -> 0 | O44: =ROUNDDOWN((N44/$O$11),0) -> 0 | P44: =ROUND((N44-(O44*$P$11)),0) -> 0 | R44: =ROUNDDOWN((Q44/$O$11),0) -> 0 | S44: =ROUND((Q44-(R44*$P$11)),0) -> 0
K45: =J45/$K$11 -> 0 | L45: =J45/$L$11 -> 0 | M45: =ROUND((L45/$M$11),0) -> 0 | O45: =ROUNDDOWN((N45/$O$11),0) -> 0 | P45: =ROUND((N45-(O45*$P$11)),0) -> 0 | R45: =ROUNDDOWN((Q45/$O$11),0) -> 0 | S45: =ROUND((Q45-(R45*$P$11)),0) -> 0
K46: =J46/$K$11 -> 0 | L46: =J46/$L$11 -> 0 | M46: =ROUND((L46/$M$11),0) -> 0 | N46: =SUM(L44:L46) -> 0 | O46: =ROUNDDOWN((N46/$O$11),0) -> 0 | P46: =ROUND((N46-(O46*$P$11)),0) -> 0 | Q46: =SUM(N43:N46) -> 0 | R46: =ROUNDDOWN((Q46/$O$11),0) -> 0 | S46: =ROUND((Q46-(R46*$P$11)),0) -> 0
K48: =J48/$K$11 -> 0 | L48: =J48/$L$11 -> 0 | M48: =ROUND((L48/$M$11),0) -> 0 | O48: =ROUNDDOWN((N48/$O$11),0) -> 0 | P48: =ROUND((N48-(O48*$P$11)),0) -> 0 | R48: =ROUNDDOWN((Q48/$O$11),0) -> 0 | S48: =ROUND((Q48-(R48*$P$11)),0) -> 0
K49: =J49/$K$11 -> 0 | L49: =J49/$L$11 -> 0 | M49: =ROUND((L49/$M$11),0) -> 0 | O49: =ROUNDDOWN((N49/$O$11),0) -> 0 | P49: =ROUND((N49-(O49*$P$11)),0) -> 0 | R49: =ROUNDDOWN((Q49/$O$11),0) -> 0 | S49: =ROUND((Q49-(R49*$P$11)),0) -> 0
K50: =J50/$K$11 -> 0 | L50: =J50/$L$11 -> 0 | M50: =ROUND((L50/$M$11),0) -> 0 | O50: =ROUNDDOWN((N50/$O$11),0) -> 0 | P50: =ROUND((N50-(O50*$P$11)),0) -> 0 | R50: =ROUNDDOWN((Q50/$O$11),0) -> 0 | S50: =ROUND((Q50-(R50*$P$11)),0) -> 0
K51: =J51/$K$11 -> 0 | L51: =J51/$L$11 -> 0 | M51: =ROUND((L51/$M$11),0) -> 0 | N51: =SUM(L48:L51) -> 0 | O51: =ROUNDDOWN((N51/$O$11),0) -> 0 | P51: =ROUND((N51-(O51*$P$11)),0) -> 0 | R51: =ROUNDDOWN((Q51/$O$11),0) -> 0 | S51: =ROUND((Q51-(R51*$P$11)),0) -> 0
K52: =J52/$K$11 -> 0 | L52: =J52/$L$11 -> 0 | M52: =ROUND((L52/$M$11),0) -> 0 | O52: =ROUNDDOWN((N52/$O$11),0) -> 0 | P52: =ROUND((N52-(O52*$P$11)),0) -> 0 | R52: =ROUNDDOWN((Q52/$O$11),0) -> 0 | S52: =ROUND((Q52-(R52*$P$11)),0) -> 0
K53: =J53/$K$11 -> 0 | L53: =J53/$L$11 -> 0 | M53: =ROUND((L53/$M$11),0) -> 0 | O53: =ROUNDDOWN((N53/$O$11),0) -> 0 | P53: =ROUND((N53-(O53*$P$11)),0) -> 0 | R53: =ROUNDDOWN((Q53/$O$11),0) -> 0 | S53: =ROUND((Q53-(R53*$P$11)),0) -> 0
K54: =J54/$K$11 -> 0 | L54: =J54/$L$11 -> 0 | M54: =ROUND((L54/$M$11),0) -> 0 | N54: =SUM(L52:L54) -> 0 | O54: =ROUNDDOWN((N54/$O$11),0) -> 0 | P54: =ROUND((N54-(O54*$P$11)),0) -> 0 | Q54: =SUM(N51:N54) -> 0 | R54: =ROUNDDOWN((Q54/$O$11),0) -> 0 | S54: =ROUND((Q54-(R54*$P$11)),0) -> 0
K56: =J56/$K$11 -> 0 | L56: =J56/$L$11 -> 0 | M56: =ROUND((L56/$M$11),0) -> 0 | N56: =L56 -> 0 | O56: =ROUNDDOWN((N56/$O$11),0) -> 0 | P56: =ROUND((N56-(O56*$P$11)),0) -> 0 | R56: =ROUNDDOWN((Q56/$O$11),0) -> 0 | S56: =ROUND((Q56-(R56*$P$11)),0) -> 0
K57: =J57/$K$11 -> 0 | L57: =J57/$L$11 -> 0 | M57: =ROUND((L57/$M$11),0) -> 0 | N57: =L57 -> 0 | O57: =ROUNDDOWN((N57/$O$11),0) -> 0 | P57: =ROUND((N57-(O57*$P$11)),0) -> 0 | R57: =ROUNDDOWN((Q57/$O$11),0) -> 0 | S57: =ROUND((Q57-(R57*$P$11)),0) -> 0
K58: =J58/$K$11 -> 0 | L58: =J58/$L$11 -> 0 | M58: =ROUND((L58/$M$11),0) -> 0 | N58: =L58 -> 0 | O58: =ROUNDDOWN((N58/$O$11),0) -> 0 | P58: =ROUND((N58-(O58*$P$11)),0) -> 0 | R58: =ROUNDDOWN((Q58/$O$11),0) -> 0 | S58: =ROUND((Q58-(R58*$P$11)),0) -> 0
K59: =J59/$K$11 -> 0 | L59: =J59/$L$11 -> 0 | M59: =ROUND((L59/$M$11),0) -> 0 | N59: =L59 -> 0 | O59: =ROUNDDOWN((N59/$O$11),0) -> 0 | P59: =ROUND((N59-(O59*$P$11)),0) -> 0 | Q59: =SUM(N56:N59) -> 0 | R59: =ROUNDDOWN((Q59/$O$11),0) -> 0 | S59: =ROUND((Q59-(R59*$P$11)),0) -> 0
K61: =J61/$K$11 -> 0 | L61: =J61/$L$11 -> 0 | M61: =ROUND((L61/$M$11),0) -> 0 | O61: =ROUNDDOWN((N61/$O$11),0) -> 0 | P61: =ROUND((N61-(O61*$P$11)),0) -> 0 | R61: =ROUNDDOWN((Q61/$O$11),0) -> 0 | S61: =ROUND((Q61-(R61*$P$11)),0) -> 0
K62: =J62/$K$11 -> 0 | L62: =J62/$L$11 -> 0 | M62: =ROUND((L62/$M$11),0) -> 0 | O62: =ROUNDDOWN((N62/$O$11),0) -> 0 | P62: =ROUND((N62-(O62*$P$11)),0) -> 0 | R62: =ROUNDDOWN((Q62/$O$11),0) -> 0 | S62: =ROUND((Q62-(R62*$P$11)),0) -> 0
K63: =J63/$K$11 -> 0 | L63: =J63/$L$11 -> 0 | M63: =ROUND((L63/$M$11),0) -> 0 | N63: =L61+L62+L63 -> 0 | O63: =ROUNDDOWN((N63/$O$11),0) -> 0 | P63: =ROUND((N63-(O63*$P$11)),0) -> 0 | R63: =ROUNDDOWN((Q63/$O$11),0) -> 0 | S63: =ROUND((Q63-(R63*$P$11)),0) -> 0
K64: =J64/$K$11 -> 0 | L64: =J64/$L$11 -> 0 | M64: =ROUND((L64/$M$11),0) -> 0 | O64: =ROUNDDOWN((N64/$O$11),0) -> 0 | P64: =ROUND((N64-(O64*$P$11)),0) -> 0 | R64: =ROUNDDOWN((Q64/$O$11),0) -> 0 | S64: =ROUND((Q64-(R64*$P$11)),0) -> 0
K65: =J65/$K$11 -> 0 | L65: =J65/$L$11 -> 0 | M65: =ROUND((L65/$M$11),0) -> 0 | N65: =L64+L65 -> 0 | O65: =ROUNDDOWN((N65/$O$11),0) -> 0 | P65: =ROUND((N65-(O65*$P$11)),0) -> 0 | R65: =ROUNDDOWN((Q65/$O$11),0) -> 0 | S65: =ROUND((Q65-(R65*$P$11)),0) -> 0
K66: =J66/$K$11 -> 0 | L66: =J66/$L$11 -> 0 | M66: =ROUND((L66/$M$11),0) -> 0 | O66: =ROUNDDOWN((N66/$O$11),0) -> 0 | P66: =ROUND((N66-(O66*$P$11)),0) -> 0 | R66: =ROUNDDOWN((Q66/$O$11),0) -> 0 | S66: =ROUND((Q66-(R66*$P$11)),0) -> 0
K67: =J67/$K$11 -> 0 | L67: =J67/$L$11 -> 0 | M67: =ROUND((L67/$M$11),0) -> 0 | O67: =ROUNDDOWN((N67/$O$11),0) -> 0 | P67: =ROUND((N67-(O67*$P$11)),0) -> 0 | R67: =ROUNDDOWN((Q67/$O$11),0) -> 0 | S67: =ROUND((Q67-(R67*$P$11)),0) -> 0
K68: =J68/$K$11 -> 0 | L68: =J68/$L$11 -> 0 | M68: =ROUND((L68/$M$11),0) -> 0 | N68: =SUM(L66:L68) -> 0 | O68: =ROUNDDOWN((N68/$O$11),0) -> 0 | P68: =ROUND((N68-(O68*$P$11)),0) -> 0 | Q68: =SUM(N63:N68) -> 0 | R68: =ROUNDDOWN((Q68/$O$11),0) -> 0 | S68: =ROUND((Q68-(R68*$P$11)),0) -> 0
K70: =J70/$K$11 -> 0 | L70: =J70/$L$11 -> 0 | M70: =ROUND((L70/$M$11),0) -> 0 | N70: =L70 -> 0 | O70: =ROUNDDOWN((N70/$O$11),0) -> 0 | P70: =ROUND((N70-(O70*$P$11)),0) -> 0 | Q70: =N70 -> 0 | R70: =ROUNDDOWN((Q70/$O$11),0) -> 0 | S70: =ROUND((Q70-(R70*$P$11)),0) -> 0
K72: =J72/$K$11 -> 0 | L72: =J72/$L$11 -> 0 | M72: =ROUND((L72/$M$11),0) -> 0 | O72: =ROUNDDOWN((N72/$O$11),0) -> 0 | P72: =ROUND((N72-(O72*$P$11)),0) -> 0 | R72: =ROUNDDOWN((Q72/$O$11),0) -> 0 | S72: =ROUND((Q72-(R72*$P$11)),0) -> 0
K73: =J73/$K$11 -> 0 | L73: =J73/$L$11 -> 0 | M73: =ROUND((L73/$M$11),0) -> 0 | O73: =ROUNDDOWN((N73/$O$11),0) -> 0 | P73: =ROUND((N73-(O73*$P$11)),0) -> 0 | R73: =ROUNDDOWN((Q73/$O$11),0) -> 0 | S73: =ROUND((Q73-(R73*$P$11)),0) -> 0
K74: =J74/$K$11 -> 0 | L74: =J74/$L$11 -> 0 | M74: =ROUND((L74/$M$11),0) -> 0 | N74: =SUM(L72:L74) -> 0 | O74: =ROUNDDOWN((N74/$O$11),0) -> 0 | P74: =ROUND((N74-(O74*$P$11)),0) -> 0 | R74: =ROUNDDOWN((Q74/$O$11),0) -> 0 | S74: =ROUND((Q74-(R74*$P$11)),0) -> 0
K75: =J75/$K$11 -> 0 | L75: =J75/$L$11 -> 0 | M75: =ROUND((L75/$M$11),0) -> 0 | O75: =ROUNDDOWN((N75/$O$11),0) -> 0 | P75: =ROUND((N75-(O75*$P$11)),0) -> 0 | R75: =ROUNDDOWN((Q75/$O$11),0) -> 0 | S75: =ROUND((Q75-(R75*$P$11)),0) -> 0
K76: =J76/$K$11 -> 0 | L76: =J76/$L$11 -> 0 | M76: =ROUND((L76/$M$11),0) -> 0 | O76: =ROUNDDOWN((N76/$O$11),0) -> 0 | P76: =ROUND((N76-(O76*$P$11)),0) -> 0 | R76: =ROUNDDOWN((Q76/$O$11),0) -> 0 | S76: =ROUND((Q76-(R76*$P$11)),0) -> 0
K77: =J77/$K$11 -> 0 | L77: =J77/$L$11 -> 0 | M77: =ROUND((L77/$M$11),0) -> 0 | N77: =SUM(L75:L77) -> 0 | O77: =ROUNDDOWN((N77/$O$11),0) -> 0 | P77: =ROUND((N77-(O77*$P$11)),0) -> 0 | Q77: =SUM(N74:N77) -> 0 | R77: =ROUNDDOWN((Q77/$O$11),0) -> 0 | S77: =ROUND((Q77-(R77*$P$11)),0) -> 0
K79: =J79/$K$11 -> 0 | L79: =J79/$L$11 -> 0 | M79: =ROUND((L79/$M$11),0) -> 0 | O79: =ROUNDDOWN((N79/$O$11),0) -> 0 | P79: =ROUND((N79-(O79*$P$11)),0) -> 0 | R79: =ROUNDDOWN((Q79/$O$11),0) -> 0 | S79: =ROUND((Q79-(R79*$P$11)),0) -> 0
K80: =J80/$K$11 -> 0 | L80: =J80/$L$11 -> 0 | M80: =ROUND((L80/$M$11),0) -> 0 | O80: =ROUNDDOWN((N80/$O$11),0) -> 0 | P80: =ROUND((N80-(O80*$P$11)),0) -> 0 | R80: =ROUNDDOWN((Q80/$O$11),0) -> 0 | S80: =ROUND((Q80-(R80*$P$11)),0) -> 0
K81: =J81/$K$11 -> 0 | L81: =J81/$L$11 -> 0 | M81: =ROUND((L81/$M$11),0) -> 0 | O81: =ROUNDDOWN((N81/$O$11),0) -> 0 | P81: =ROUND((N81-(O81*$P$11)),0) -> 0 | R81: =ROUNDDOWN((Q81/$O$11),0) -> 0 | S81: =ROUND((Q81-(R81*$P$11)),0) -> 0
K82: =J82/$K$11 -> 0 | L82: =J82/$L$11 -> 0 | M82: =ROUND((L82/$M$11),0) -> 0 | N82: =SUM(L79:L82) -> 0 | O82: =ROUNDDOWN((N82/$O$11),0) -> 0 | P82: =ROUND((N82-(O82*$P$11)),0) -> 0 | Q82: =N82 -> 0 | R82: =ROUNDDOWN((Q82/$O$11),0) -> 0 | S82: =ROUND((Q82-(R82*$P$11)),0) -> 0
A83: Subtotal | B83: =COUNTA(B13:B82) -> 0 | D83: =COUNTA(D13:D82) -> 0 | E83: =COUNTA(E13:E82) -> 0 | F83: =COUNTA(F13:F82) -> 0 | G83: =COUNTA(G13:G82) -> 0 | I83: =COUNTA(I13:I82) -> 0 | J83: =SUM(J13:J82) -> 0 | K83: =SUM(K13:K82) -> 0 | L83: =SUM(L13:L82) -> 0 | M83: =SUM(M13:M82) -> 0 | N83: =SUM(N13:N82) -> 0 | O83: =ROUNDDOWN((N83/$O$11),0) -> 0 | P83: =ROUND((N83-(O83*$P$11)),0) -> 0 | Q83: =SUM(Q13:Q82) -> 0 | R83: =ROUNDDOWN((Q83/$O$11),0) -> 0 | S83: =ROUND((Q83-(R83*$P$11)),0) -> 0 | X83: =IF(X13<1.4,"1",IF(X13<=2.3,"2",IF(X13>2.3, ROUND(X13,0)))) -> 1 | Y83: =$Y$11*F83 -> 0
K84: =J84/$K$11 -> 0 | L84: =J84/$L$11 -> 0 | M84: =ROUND((L84/$M$11),0) -> 0 | O84: =ROUNDDOWN((N84/$O$11),0) -> 0 | P84: =ROUND((N84-(O84*$P$11)),0) -> 0 | R84: =ROUNDDOWN((Q84/$O$11),0) -> 0 | S84: =ROUND((Q84-(R84*$P$11)),0) -> 0 | X84: =F133/$X$11 -> 0
K85: =J85/$K$11 -> 0 | L85: =J85/$L$11 -> 0 | M85: =ROUND((L85/$M$11),0) -> 0 | O85: =ROUNDDOWN((N85/$O$11),0) -> 0 | P85: =ROUND((N85-(O85*$P$11)),0) -> 0 | R85: =ROUNDDOWN((Q85/$O$11),0) -> 0 | S85: =ROUND((Q85-(R85*$P$11)),0) -> 0
K86: =J86/$K$11 -> 0 | L86: =J86/$L$11 -> 0 | M86: =ROUND((L86/$M$11),0) -> 0 | O86: =ROUNDDOWN((N86/$O$11),0) -> 0 | P86: =ROUND((N86-(O86*$P$11)),0) -> 0 | R86: =ROUNDDOWN((Q86/$O$11),0) -> 0 | S86: =ROUND((Q86-(R86*$P$11)),0) -> 0
K87: =J87/$K$11 -> 0 | L87: =J87/$L$11 -> 0 | M87: =ROUND((L87/$M$11),0) -> 0 | N87: =SUM(L84:L87) -> 0 | O87: =ROUNDDOWN((N87/$O$11),0) -> 0 | P87: =ROUND((N87-(O87*$P$11)),0) -> 0 | R87: =ROUNDDOWN((Q87/$O$11),0) -> 0 | S87: =ROUND((Q87-(R87*$P$11)),0) -> 0
K88: =J88/$K$11 -> 0 | L88: =J88/$L$11 -> 0 | M88: =ROUND((L88/$M$11),0) -> 0 | O88: =ROUNDDOWN((N88/$O$11),0) -> 0 | P88: =ROUND((N88-(O88*$P$11)),0) -> 0 | R88: =ROUNDDOWN((Q88/$O$11),0) -> 0 | S88: =ROUND((Q88-(R88*$P$11)),0) -> 0
K89: =J89/$K$11 -> 0 | L89: =J89/$L$11 -> 0 | M89: =ROUND((L89/$M$11),0) -> 0 | N89: =L88+L89 -> 0 | O89: =ROUNDDOWN((N89/$O$11),0) -> 0 | P89: =ROUND((N89-(O89*$P$11)),0) -> 0 | R89: =ROUNDDOWN((Q89/$O$11),0) -> 0 | S89: =ROUND((Q89-(R89*$P$11)),0) -> 0
K90: =J90/$K$11 -> 0 | L90: =J90/$L$11 -> 0 | M90: =ROUND((L90/$M$11),0) -> 0 | O90: =ROUNDDOWN((N90/$O$11),0) -> 0 | P90: =ROUND((N90-(O90*$P$11)),0) -> 0 | R90: =ROUNDDOWN((Q90/$O$11),0) -> 0 | S90: =ROUND((Q90-(R90*$P$11)),0) -> 0
K91: =J91/$K$11 -> 0 | L91: =J91/$L$11 -> 0 | M91: =ROUND((L91/$M$11),0) -> 0 | N91: =L90+L91 -> 0 | O91: =ROUNDDOWN((N91/$O$11),0) -> 0 | P91: =ROUND((N91-(O91*$P$11)),0) -> 0 | Q91: =SUM(N87:N91) -> 0 | R91: =ROUNDDOWN((Q91/$O$11),0) -> 0 | S91: =ROUND((Q91-(R91*$P$11)),0) -> 0
K93: =J93/$K$11 -> 0 | L93: =J93/$L$11 -> 0 | M93: =ROUND((L93/$M$11),0) -> 0 | O93: =ROUNDDOWN((N93/$O$11),0) -> 0 | P93: =ROUND((N93-(O93*$P$11)),0) -> 0 | R93: =ROUNDDOWN((Q93/$O$11),0) -> 0 | S93: =ROUND((Q93-(R93*$P$11)),0) -> 0
K94: =J94/$K$11 -> 0 | L94: =J94/$L$11 -> 0 | M94: =ROUND((L94/$M$11),0) -> 0 | O94: =ROUNDDOWN((N94/$O$11),0) -> 0 | P94: =ROUND((N94-(O94*$P$11)),0) -> 0 | R94: =ROUNDDOWN((Q94/$O$11),0) -> 0 | S94: =ROUND((Q94-(R94*$P$11)),0) -> 0
K95: =J95/$K$11 -> 0 | L95: =J95/$L$11 -> 0 | M95: =ROUND((L95/$M$11),0) -> 0 | O95: =ROUNDDOWN((N95/$O$11),0) -> 0 | P95: =ROUND((N95-(O95*$P$11)),0) -> 0 | R95: =ROUNDDOWN((Q95/$O$11),0) -> 0 | S95: =ROUND((Q95-(R95*$P$11)),0) -> 0
K96: =J96/$K$11 -> 0 | L96: =J96/$L$11 -> 0 | M96: =ROUND((L96/$M$11),0) -> 0 | N96: =SUM(L93:L96) -> 0 | O96: =ROUNDDOWN((N96/$O$11),0) -> 0 | P96: =ROUND((N96-(O96*$P$11)),0) -> 0 | Q96: =N96 -> 0 | R96: =ROUNDDOWN((Q96/$O$11),0) -> 0 | S96: =ROUND((Q96-(R96*$P$11)),0) -> 0
K98: =J98/$K$11 -> 0 | L98: =J98/$L$11 -> 0 | M98: =ROUND((L98/$M$11),0) -> 0 | O98: =ROUNDDOWN((N98/$O$11),0) -> 0 | P98: =ROUND((N98-(O98*$P$11)),0) -> 0 | R98: =ROUNDDOWN((Q98/$O$11),0) -> 0 | S98: =ROUND((Q98-(R98*$P$11)),0) -> 0
K99: =J99/$K$11 -> 0 | L99: =J99/$L$11 -> 0 | M99: =ROUND((L99/$M$11),0) -> 0 | N99: =L98+L99 -> 0 | O99: =ROUNDDOWN((N99/$O$11),0) -> 0 | P99: =ROUND((N99-(O99*$P$11)),0) -> 0 | R99: =ROUNDDOWN((Q99/$O$11),0) -> 0 | S99: =ROUND((Q99-(R99*$P$11)),0) -> 0
K100: =J100/$K$11 -> 0 | L100: =J100/$L$11 -> 0 | M100: =ROUND((L100/$M$11),0) -> 0 | O100: =ROUNDDOWN((N100/$O$11),0) -> 0 | P100: =ROUND((N100-(O100*$P$11)),0) -> 0 | R100: =ROUNDDOWN((Q100/$O$11),0) -> 0 | S100: =ROUND((Q100-(R100*$P$11)),0) -> 0
K101: =J101/$K$11 -> 0 | L101: =J101/$L$11 -> 0 | M101: =ROUND((L101/$M$11),0) -> 0 | N101: =L100+L101 -> 0 | O101: =ROUNDDOWN((N101/$O$11),0) -> 0 | P101: =ROUND((N101-(O101*$P$11)),0) -> 0 | Q101: =SUM(N99:N101) -> 0 | R101: =ROUNDDOWN((Q101/$O$11),0) -> 0 | S101: =ROUND((Q101-(R101*$P$11)),0) -> 0
K103: =J103/$K$11 -> 0 | L103: =J103/$L$11 -> 0 | M103: =ROUND((L103/$M$11),0) -> 0 | O103: =ROUNDDOWN((N103/$O$11),0) -> 0 | P103: =ROUND((N103-(O103*$P$11)),0) -> 0 | R103: =ROUNDDOWN((Q103/$O$11),0) -> 0 | S103: =ROUND((Q103-(R103*$P$11)),0) -> 0
K104: =J104/$K$11 -> 0 | L104: =J104/$L$11 -> 0 | M104: =ROUND((L104/$M$11),0) -> 0 | N104: =L103+L104 -> 0 | O104: =ROUNDDOWN((N104/$O$11),0) -> 0 | P104: =ROUND((N104-(O104*$P$11)),0) -> 0 | R104: =ROUNDDOWN((Q104/$O$11),0) -> 0 | S104: =ROUND((Q104-(R104*$P$11)),0) -> 0
K105: =J105/$K$11 -> 0 | L105: =J105/$L$11 -> 0 | M105: =ROUND((L105/$M$11),0) -> 0 | O105: =ROUNDDOWN((N105/$O$11),0) -> 0 | P105: =ROUND((N105-(O105*$P$11)),0) -> 0 | R105: =ROUNDDOWN((Q105/$O$11),0) -> 0 | S105: =ROUND((Q105-(R105*$P$11)),0) -> 0
K106: =J106/$K$11 -> 0 | L106: =J106/$L$11 -> 0 | M106: =ROUND((L106/$M$11),0) -> 0 | N106: =L105+L106 -> 0 | O106: =ROUNDDOWN((N106/$O$11),0) -> 0 | P106: =ROUND((N106-(O106*$P$11)),0) -> 0 | Q106: =SUM(N104:N106) -> 0 | R106: =ROUNDDOWN((Q106/$O$11),0) -> 0 | S106: =ROUND((Q106-(R106*$P$11)),0) -> 0
K108: =J108/$K$11 -> 0 | L108: =J108/$L$11 -> 0 | M108: =ROUND((L108/$M$11),0) -> 0 | O108: =ROUNDDOWN((N108/$O$11),0) -> 0 | P108: =ROUND((N108-(O108*$P$11)),0) -> 0 | R108: =ROUNDDOWN((Q108/$O$11),0) -> 0 | S108: =ROUND((Q108-(R108*$P$11)),0) -> 0
K109: =J109/$K$11 -> 0 | L109: =J109/$L$11 -> 0 | M109: =ROUND((L109/$M$11),0) -> 0 | O109: =ROUNDDOWN((N109/$O$11),0) -> 0 | P109: =ROUND((N109-(O109*$P$11)),0) -> 0 | R109: =ROUNDDOWN((Q109/$O$11),0) -> 0 | S109: =ROUND((Q109-(R109*$P$11)),0) -> 0
K110: =J110/$K$11 -> 0 | L110: =J110/$L$11 -> 0 | M110: =ROUND((L110/$M$11),0) -> 0 | O110: =ROUNDDOWN((N110/$O$11),0) -> 0 | P110: =ROUND((N110-(O110*$P$11)),0) -> 0 | R110: =ROUNDDOWN((Q110/$O$11),0) -> 0 | S110: =ROUND((Q110-(R110*$P$11)),0) -> 0
K111: =J111/$K$11 -> 0 | L111: =J111/$L$11 -> 0 | M111: =ROUND((L111/$M$11),0) -> 0 | O111: =ROUNDDOWN((N111/$O$11),0) -> 0 | P111: =ROUND((N111-(O111*$P$11)),0) -> 0 | R111: =ROUNDDOWN((Q111/$O$11),0) -> 0 | S111: =ROUND((Q111-(R111*$P$11)),0) -> 0
K112: =J112/$K$11 -> 0 | L112: =J112/$L$11 -> 0 | M112: =ROUND((L112/$M$11),0) -> 0 | N112: =SUM(L108:L112) -> 0 | O112: =ROUNDDOWN((N112/$O$11),0) -> 0 | P112: =ROUND((N112-(O112*$P$11)),0) -> 0 | R112: =ROUNDDOWN((Q112/$O$11),0) -> 0 | S112: =ROUND((Q112-(R112*$P$11)),0) -> 0
K113: =J113/$K$11 -> 0 | L113: =J113/$L$11 -> 0 | M113: =ROUND((L113/$M$11),0) -> 0 | O113: =ROUNDDOWN((N113/$O$11),0) -> 0 | P113: =ROUND((N113-(O113*$P$11)),0) -> 0 | R113: =ROUNDDOWN((Q113/$O$11),0) -> 0 | S113: =ROUND((Q113-(R113*$P$11)),0) -> 0
K114: =J114/$K$11 -> 0 | L114: =J114/$L$11 -> 0 | M114: =ROUND((L114/$M$11),0) -> 0 | O114: =ROUNDDOWN((N114/$O$11),0) -> 0 | P114: =ROUND((N114-(O114*$P$11)),0) -> 0 | R114: =ROUNDDOWN((Q114/$O$11),0) -> 0 | S114: =ROUND((Q114-(R114*$P$11)),0) -> 0
K115: =J115/$K$11 -> 0 | L115: =J115/$L$11 -> 0 | M115: =ROUND((L115/$M$11),0) -> 0 | N115: =SUM(L113:L115) -> 0 | O115: =ROUNDDOWN((N115/$O$11),0) -> 0 | P115: =ROUND((N115-(O115*$P$11)),0) -> 0 | Q115: =SUM(N112:N115) -> 0 | R115: =ROUNDDOWN((Q115/$O$11),0) -> 0 | S115: =ROUND((Q115-(R115*$P$11)),0) -> 0
K117: =J117/$K$11 -> 0 | L117: =J117/$L$11 -> 0 | M117: =ROUND((L117/$M$11),0) -> 0 | N117: =L117 -> 0 | O117: =ROUNDDOWN((N117/$O$11),0) -> 0 | P117: =ROUND((N117-(O117*$P$11)),0) -> 0 | R117: =ROUNDDOWN((Q117/$O$11),0) -> 0 | S117: =ROUND((Q117-(R117*$P$11)),0) -> 0
K118: =J118/$K$11 -> 0 | L118: =J118/$L$11 -> 0 | M118: =ROUND((L118/$M$11),0) -> 0 | O118: =ROUNDDOWN((N118/$O$11),0) -> 0 | P118: =ROUND((N118-(O118*$P$11)),0) -> 0 | R118: =ROUNDDOWN((Q118/$O$11),0) -> 0 | S118: =ROUND((Q118-(R118*$P$11)),0) -> 0
...

Sheet Quantification
B2: Quantification
B3: Region | C3: District | L3: Number of distribution team (community) supervisors | M3: Number of district supervisors | N3: Number of district data managers
B4: ='MP (To Be Filled) Rural'!F3 -> 0 | C4: ='MP (To Be Filled) Rural'!I3 -> 0 | D4: ='MP (To Be Filled) Rural'!F5 -> 0 | E4: ='MP (To Be Filled) Rural'!F6 -> 0 | F4: =('MP (To Be Filled) Rural'!F7*50)+'MP (To Be Filled) Rural'!F8 -> 0 | G4: ='MP (To Be Filled) Rural'!F7 -> 0 | H4: ='MP (To Be Filled) Rural'!J6 -> 0 | I4: ='MP (To Be Filled) Rural'!J7 -> 17 | J4: ='MP (To Be Filled) Rural'!J5 -> 0 | K4: ='MP (To Be Filled) Rural'!J8 -> 0 | L4: ='MP (To Be Filled) Rural'!J9 -> 2 | M4: ='MP (To Be Filled) Rural'!J4 -> 0 | N4: ='MP (To Be Filled) Rural'!F4 -> 0

Sheet Log Costs
B2: Logistics Costs
B3: Region | C3: District | D3: Total population | E3: Number of households | F3: Number of LLIN required | G3: Number of bales of 50 | H3: Cost of handling, loading & unloading | I3: Security (2 security personnel for 1 month) | J3: Budget total (Log)
B4: ='MP (To Be Filled) Rural'!F3 -> 0 | C4: ='MP (To Be Filled) Rural'!I3 -> 0 | D4: ='MP (To Be Filled) Rural'!F5 -> 0 | E4: ='MP (To Be Filled) Rural'!F6 -> 0 | F4: =('MP (To Be Filled) Rural'!F7*50)+'MP (To Be Filled) Rural'!F8 -> 0 | G4: ='MP (To Be Filled) Rural'!F7 -> 0 | H4: =G4*2*$H$2 -> 0 | I4: =2*1*$I$2 -> 0 | J4: =SUM(H4:I4) -> 0

Sheet Training HH registration team
B1: Training of HHR supervisors and personnel (Rural)
F2: 40 | G2: 2 | H2: 3 | I2: ='Unit Cost'!C9 -> 0 | J2: ='Unit Cost'!C6 -> 0 | K2: 3 | L2: 3 | M2: ='Unit Cost'!C11 -> 0 | N2: ='Unit Cost'!C13 -> 0 | O2: ='Unit Cost'!C6 -> 0 | P2: ='Unit Cost'!C8 -> 0 | Q2: ='Unit Cost'!C5 -> 0 | R2: ='Unit Cost'!C36 -> 0
B3: Region | C3: District | D3: Number of HH registration personnel | E3: Number of HHR HF supervisors | F3: Number of training sessions | G3: Number of facilitators (2 per session) | H3: Number of days of facilitation | I3: Transport refunds for facilitators | J3: Lunch allowance for facilitators | K3: Number of training days of HH registration personnel | L3: Number of training days of HHA HF supervisors | M3: Transport refund for HHR personnel | N3: Hall hire for training of HHR personnel and community supervisors | O3: Lunch for HHR training (volunteers + supervisors) | P3: Transport refund for HHR HF supervisors | Q3: Lunch for training of HF supervisors for three days | R3: Stationery items for the participants | S3: Budget total implementation of HH assessment
B4: ='MP (To Be Filled) Rural'!F3 -> 0 | C4: ='MP (To Be Filled) Rural'!I3 -> 0 | D4: ='MP (To Be Filled) Rural'!J10 -> 0 | E4: ='MP (To Be Filled) Rural'!J7 -> 17 | F4: =ROUNDUP((D4+E4)/$F$2,0) -> 1 | G4: =F4*$G$2 -> 2 | H4: =H2 -> 3 | I4: =G4*H4*$I$2 -> 0 | J4: =G4*H4*$J$2 -> 0 | K4: =K2 -> 3 | L4: =L2 -> 3 | M4: =D4*$M$2 -> 0 | N4: =F4*H4*$N$2 -> 0 | O4: =(D4+E4+G4)*K4*$O$2 -> 0 | P4: =E4*$P$2 -> 0 | Q4: =E4*L4*$Q$2 -> 0 | R4: =(D4+E4)*$R$2 -> 0 | S4: =I4+J4+M4+N4+O4+P4+Q4+R4 -> 0

Sheet Implementation of HH Registrati
B2: Implementation of household assessment (Rural) | G2: 7 | H2: ='Unit Cost'!C22 -> 0 | I2: 7 | J2: ='Unit Cost'!C8 -> 0 | K2: ='Unit Cost'!C18 -> 0 | L2: 8 | M2: 140 | N2: ='Unit Cost'!C19 -> 0
B3: Region | C3: District | D3: Number of HH registration personnel | E3: Number of community supervisors | F3: Number of district supervisors | G3: Number of days of HH registration | H3: Allowances for HHR personnel | I3: Number of days of supervision and data collection (HF supervisors) | J3: Transport for HF supervisors | K3: Allowances for HF supervisors | L3: Number of days of supervision and data collection (district supervisors) | M3: Transport for district supervisors (Fuel) | N3: Allowances for district supervisors | O3: Communication for HF and district supervisors | P3: Budget total implementation of HH assessment
B4: ='MP (To Be Filled) Rural'!F3 -> 0 | C4: ='MP (To Be Filled) Rural'!I3 -> 0 | D4: ='MP (To Be Filled) Rural'!J10 -> 0 | E4: ='MP (To Be Filled) Rural'!J7 -> 17 | F4: ='MP (To Be Filled) Rural'!J4 -> 0 | G4: =G2 -> 7 | H4: =D4*G4*$H$2 -> 0 | I4: =I2 -> 7 | J4: =E4*I4*$J$2 -> 0 | K4: =E4*I4*$K$2 -> 0 | L4: =L2 -> 8 | M4: =F4*'Unit Cost'!C10*'Implementation of HH Registrati'!M2 -> 0 | N4: =F4*L4*$N$2 -> 0 | O4: =(E4+F4)*'Unit Cost'!C4 -> 0 | P4: =H4+J4+K4+M4+N4+O4 -> 0

Sheet Training Distribution Teams
B1: Training of distribution teams including DP supervisors and members (Rural)
H2: 40 | I2: 2 | J2: 2 | K2: ='[1]Unit cost'!C17 -> 3000 | L2: 150 | M2: ='[1]Unit cost'!C8 -> 7000 | N2: ='[1]Unit cost'!C17 -> 3000 | O2: ='[1]Unit cost'!C8 -> 7000 | P2: ='[1]Unit cost'!C6 -> 3000
B3: Region | C3: District | D3: Number of distribution team members | E3: Number of distribution point supervisors | F3: Number of training days of DP supervisors | G3: Number of training days of distribution team members | H3: Number of training sessions | I3: Number of facilitators (2 per session) | J3: Number of days of facilitation | K3: Lunch for district facilitators | L3: Fuel for district facilitators | M3: Transport for DP supervisors | N3: Lunch for DP supervisors | O3: Transport for distribution team members | P3: Lunch for training of distribution team members | Q3: Budget total training of LLIN distribution teams & supervisors
B4: ='[1]MP (To be filled) Rural'!F3 -> LILONGWE | C4: ='[1]MP (To be filled) Rural'!H3 -> 0 | D4: ='[1]MP (To be filled) Rural'!I8 -> 0 | E4: ='[1]MP (To be filled) Rural'!I5 -> 0 | F4: 2 | G4: 1 | H4: =(D4+E4)/$H$2 -> 0 | I4: =H4*$I$2 -> 0 | J4: =J2 -> 2 | K4: =I4*J4*$K$2 -> 0 | L4: =(I4/2)*'[1]Unit cost'!C10*J4*H4 -> 0 | M4: =E4*F4*$M$2 -> 0 | N4: =E4*N2*F4 -> 0 | O4: =D4*$O$2 -> 0 | P4: =D4*G4*$P$2 -> 0 | Q4: =K4+M4+N4+O4+P4 -> 0

Sheet LLIN Distribution
B2: LLIN distribution personnel cost (Rural) | H2: 1 | I2: 1 | J2: ='Unit Cost'!C22 -> 0 | K2: ='Unit Cost'!C19 -> 0 | L2: ='Unit Cost'!C8 -> 0 | M2: ='Unit Cost'!C19 -> 0 | N2: ='Unit Cost'!C7 -> 0
B3: Region | C3: District | D3: Number of distribution team members | E3: Number of DP supervisors | F3: Number of HF supervisors | G3: Number of district supervisors | H3: Number of days for LLIN distribution (teams) | I3: Number of days for LLIN distribution (supervisors) including data collection) | J3: Allowances for household registration personnel | K3: Allowances for distribution community supervisors | L3: Transport for community supervisors | M3: Allowances for district supervisors | N3: Transport for district supervisors | O3: Budget total implementation of LLINs distribution
B4: ='MP (To Be Filled) Rural'!F3 -> 0 | C4: ='MP (To Be Filled) Rural'!I3 -> 0 | D4: ='MP (To Be Filled) Rural'!J8 -> 0 | E4: ='MP (To Be Filled) Rural'!J9 -> 2 | F4: ='MP (To Be Filled) Rural'!J7 -> 17 | G4: ='MP (To Be Filled) Rural'!J4 -> 0 | H4: =H2 -> 1 | I4: =I2 -> 1 | J4: =D4*H4*$J$2 -> 0 | K4: =E4*I4*$K$2 -> 0 | L4: =E4*I4*$L$2 -> 0 | M4: =G4*I4*$M$2 -> 0 | N4: =G4*I4*$N$2 -> 0 | O4: =J4+K4+L4+M4+N4 -> 0

Sheet Data Management
B1: Data management
H2: ='MP (To Be Filled) Rural'!F4 -> 0 | I2: 10 | J2: ='Unit Cost'!C4 -> 0 | K2: ='Unit Cost'!C5 -> 0
B3: Region | C3: Health district | D3: Total population | E3: Number of households | F3: Number of LLIN required | G3: Number of bales of 50 | H3: Number of data managers | I3: Number of days for data management - HHA and LLIN distribution (13 + 10 = 36 days) | J3: Airtime | K3: Lunch for data managers | L3: Total budget
B4: ='MP (To Be Filled) Rural'!F3 -> 0 | C4: ='MP (To Be Filled) Rural'!I3 -> 0 | D4: ='MP (To Be Filled) Rural'!F5 -> 0 | E4: ='MP (To Be Filled) Rural'!F6 -> 0 | F4: =('MP (To Be Filled) Rural'!F7*50)+'MP (To Be Filled) Rural'!F8 -> 0 | G4: ='MP (To Be Filled) Rural'!F7 -> 0 | H4: =H2 -> 0 | I4: =I2 -> 10 | J4: =J2*I2*H4 -> 0 | K4: =H2*I2*K2 -> 0 | L4: =J4+K4 -> 0

Sheet Summary Budget
B2: Region
B3: District
B6: Campaign budget 2024
B7: Item | C7: Budget total (MK)
B8: Training of HHR supervisors and members | C8: ='Training HH registration team'!S4 -> 0
B9: Implementation of HHR | C9: ='Implementation of HH Registrati'!P4 -> 0
B10: Logistic costs
B11: Training of distribution point supervisors & members
B12: LLIN distribution | C12: ='LLIN Distribution'!O4 -> 0
C13: ='Data Management'!L4 -> 0
B18: TOTAL | C18: =SUM(C8:C17) -> 0
B21: Number of LLIN (in the district) | C21: ='Data Management'!F4 -> 0
B22: Cost per net | C22: =C18/C21 -> #DIV/0!

Sheet Comments
A1: COMMENTS
