Workbook

Sheet Instructions
A1: HEALTH CAMPAIGN CALENDAR — COUNTRY DATA-COLLECTION TOOL (2026-2028)
A2: Template | version 0.4
A4: PURPOSE
B5: This workbook collects, in a single structured table, all planned, tentative or possible health campaigns for 2026-2028. It is designed so that a country team enters each campaign once and the consolidated calendar, partner view and integration scan can then be generated without re-keying.
B6: A single row is entered per campaign, per first-level administrative unit and per year, so plans covering several areas, several diseases and several years are handled without repetition.
A8: HOW TO USE IT
B9: 1. Complete the 'Country & Contact' sheet.
B10: 2. Standardised campaign attributes (target group, platform, product, duration) are pre-filled once per intervention on the 'Campaign Characterisation' sheet — review and adjust only where your country's practice differs. They do not need to be repeated for every row.
B11: 3. On the 'Campaign Calendar' sheet, enter ONE ROW per campaign per first-level administrative unit (region / state / province) per year. Use the drop-down lists; mark the months in which the campaign takes place with an 'X'.
B12: 4. A campaign that runs in several admin-1 units = several rows. A campaign that recurs in 2027 or 2028 = an additional row with the corresponding Year.
B13: 5. The 'Snapshot' sheet consolidates the entries into a calendar view automatically; select the year at the top of that sheet to switch between 2026, 2027 and 2028.
A15: KEY DEFINITIONS
B16: Health campaign — Time-bound, intermittent activities which are deployed to address specific epidemiologic challenges, expediently fill delivery gaps, or provide surge coverage for health interventions.
B17: Integration — The sharing of all or specific campaign components or functions by a specific program addressing a disease or health need with the broader health system and ongoing delivery of interventions through general health services.
A19: SHEETS IN THIS WORKBOOK
B20: Country & Contact — submitting country and focal persons.
B21: Campaign Charaterisation — standardised attributes per intervention (pre-filled, editable).
B22: Campaign Calendar — main data-entry table (one row per campaign × admin-1 × year).
B23: Snapshot — consolidated calendar view, generated automatically (select year).
B24: Reference Lists — controlled vocabularies feeding the drop-down menus.
B26: Prepared by J. Cano (DPC/ESPEN, WHO Regional Office for Africa).

Sheet Country & Contact
A1: COUNTRY & CONTACT INFORMATION
B2: Complete the yellow cells. One workbook per country.
B4: Country | C4: UGANDA
B5: WHO Region | C5: AFRO
B6: Reporting officer (name) | C6: Prof. Olaro Charles
B7: Title / role | C7: Director General Health Services
B8: Organization | C8: Ministry of Health
B9: Department / programme | C9: MOH
B10: Email | C10: olarocharles@gmail.com
B11: Contact number (WhatsApp) | C11: 256772516363
B12: Date completed | C12: 46175
B13: Calendar period covered | C13: 2026 - 2028
B14: Note: example values shown are illustrative — overwrite with the submitting country's details.
B15: Country Focal Persons / Contributing Officers
B16: Name | C16: Title / role | D16: Organization | E16: Department / programme | F16: Email | G16: Contact number (WhatsApp)
B17: Dr Stavia Turyahabwe | C17: Commissioner | D17: MOH | E17: Communicable Diseases Prevention and Control | F17: turyahabwestavia@gmail.com | G17: 256773783932
B18: Diana Atwine | C18: PS | D18: MOH | E18: MOH | F18: datwine1273@gmail.com | G18: 256775324462
B19: Charles Olaro | C19: DGHS | D19: MOH | E19: MOH | F19: olarocharles@gmail.com | G19: '256772516363
B20: Kisakye Annet | C20: EPI team lead | D20: WHO | E20: EPI | F20: kisakyean@who.int | G20: 256772504668
B21: Nyamugisa Esther | C21: Immunization& child health specialist | D21: UNICEF | E21: EPI & Child Health | F21: enyamugisa@unicef.org | G21: 256773470268
B22: Michael Baganizi | C22: Program Manager | D22: MOH | E22: EPI | F22: miknizi@gmail.com | G22: 256772438860
B23: Oyo Charles | C23: CHS | D23: MOH | E23: NCDs | F23: drocakiya@gmail.com | G23: 256772514845
B24: Mubangizi Alfred | C24: ACHS | D24: MOH | E24: NTDs | F24: mubangizialfred@gmail.com | G24: 256701686842
B25: Katurebe Cordelia | C25: Integration secretariat | D25: USG | E25: ACP | F25: katureebecordelia@gmail.com | G25: 256772372411
B26: Mugahi Richard | C26: CHS | D26: MOH | E26: Maternal & Child Health | F26: rmugahi99@gmail.com | G26: 256772563113
B27: Evelynn Kyomugisha | C27: Ag. CHS | D27: MOH | E27: Nursing & midwifery | F27: evky2011@gmail.com | G27: 256782669931
... B29: Robert Mutumba | C29: Program Manager | D29: MOH | E29: ACP | F29: robmutumba@gmail.com | G29: 256755953564
B30: Hafsa Lukwata | C30: ACHS | D30: MOH | E30: Mental Health | G30: 256781033393
B31: Irene Mwenyango | C31: ACHS | D31: MOH | E31: School & Adolescent Health | F31: mwenyangoi@yahoo.com | G31: 256772487327
B32: Paul Mbaka | C32: ACHS | D32: MOH | E32: Health Information | F32: paul.mbaka@gmail.com | G32: 256755050171
B33: Rita Atugonza | C33: Deputy PM | D33: MOH | E33: EPI | F33: atugonzarita@gmail.com, | G33: 256776180360
B34: Richard Kabanda | C34: CHS- | D34: MOH | E34: Health Promotion & Education | F34: krdent@yahoo.com | G34: 256773961965
B35: Henry Semakula | C35: Principal Eductaion Officer | D35: MOES | E35: School health FP | G35: 256772906073
B36: Paul Okware | C36: NMS | D36: NMS | F36: paul.okware@nms.go.ug | G36: 256757058948
B37: Catherine Maiteki | C37: Program Manager | D37: MOH | E37: NMEP | F37: cmaiteki@gmail.com | G37: 256752900219
B38: Jessica Healey | C38: Technical lead | D38: USG
B39: Eleanor Magola | D39: ACP | E39: MOH | G39: 256772692628
B40: Dr. Nabadda Suzan | C40: Head | D40: MOH | E40: UNHLS | F40: sndidde@gmail.com | G40: 256772435996
B41: Dr. George Upenytho | D41: MOH | E41: Community Health Department | F41: upenytho.george@gmail.com
B42: Dr. Akiteng Ann | D42: IDI | E42: NCDs
B43: Dr. Namukose Samali | C43: ACHS | D43: MOH | E43: Nutrition | F43: snamukoseb@gmail.com
B44: Dr. Nabasa Herbert | C44: CHS | D44: MOH | E44: EH | F44: hnabaasa40@gmail.com | G44: 256782616038
B45: Dr. Mwanga Michael | C45: ACHS | D45: MOH | E45: surveillance | F45: mwangamike@gmail.com | G45: 256772335366
B46: Christine Lanyero | C46: Cold chain Specialist | D46: MOH | E46: Vaccines& cold chain Specialist | F46: christinelanyero06@gmail.com, | G46: 256775925040
C47: MUSPH | D47: Academia
B48: Dr.Beyagira Rachel | C48: CHS | D48: MOH | E48: SCAPP | F48: rbeyagira@gmail.com | G48: 256786479344
B49: Dr. Mudiope Peter | C49: PO | D49: MOH | E49: ACP | F49: pmudiope@gmail.com | G49: 256772864340
B50: Dr. Kauta John | C50: CHS | D50: MOH | E50: Planning&budget | F50: kauta064@yahoo.co.uk
B51: Mulindwa Alex
B52: Dr. Ebony Quinto | C52: PMO | D52: MOH | E52: NMEP
B53: Mina Ssali | C53: PO | D53: MOH | E53: ACP | G53: 256704902074
B54: Kyambabbe Peter | C54: PO | D54: MOH | E54: ACP | G54: 256704541818
C55: OPM | D55: OPM | E55: Service delivery FP
D56: Ministry of the Presidency | E56: FP
B57: Lydia | D57: MOGLS | E57: Health FP | G57: 256772340910
D58: MOLG | E58: Health FP
B59: Dr. Okware Joseph | C59: DHS- | D59: MOH | E59: Leadership & Governance | F59: okware.joseph@yahoo.com | G59: 256772405094
D60: LG | E60: Representative of CAOs
B61: Dr. Sarah Zalwango | C61: Director | D61: KCCA | E61: E&PH | F61: szalwango@kcca.go.ug | G61: 256704733532
E62: Representative of CSOs | G62: 256772947082
B63: Martha Ajilong | C63: CHS | D63: MOH | E63: Pharmacy | F63: mge32@hotmail.com
B64: Dr. Dyogo | C64: DHO | D64: LG | E64: Representative of DHOs | F64: dyogonantamu@gmail.com
B65: Pamela Achii | C65: Pharmacist | D65: MOH | E65: Pharmacy | F65: achiipam@gmail.com | G65: "256782889408
B66: Dr.Daniel Kyabayinze | C66: DHS | D66: MOH | E66: PH | F66: kyabayinzed@gmail.com | G66: 256772796799
B67: Godfrey Biroma | C67: Data Manager | D67: MOH | E67: EPI | F67: gbiroma@gmail.com | G67: 256782287598
B68: Hudson Balidawa | C68: M&E | D68: MOH | E68: ACP | F68: hbalidawa@gmail.com
B69: Geofrey Amanya | C69: M&E | D69: MOH | E69: TB&Leprosy | F69: geofreyamanya@gmail.com | G69: 256777100032
B70: Kimuli Ronald | C70: Data Manager | D70: MOH | E70: NMEP | F70: kimron583@yahoo.co.uk | G70: 256776942966
B71: Jimmy Ameny | C71: Grants coordinator | D71: MOH | E71: Gavi | F71: jameny1@gmail.com | G71: 256782822795
B72: Jimmy Locorin | C72: SMO | D72: MOH | E72: Community Health Department | G72: 256700807497
B73: Dina Kwarisiima | C73: Communication | D73: MOH | E73: ACP | G73: 256782226752
B74: Rukia Nakamate | C74: Communication | D74: MOH | E74: NMEP
B75: Medard Rukari | C75: ILLINs | D75: MOH | F75: rkrmedard@gmail.com
B76: Jane Nabakooza | C76: SMC | D76: MOH | F76: jinksuganda@yahoo.com | G76: 256755326902
B77: Muzamir Bamuloba | C77: Community Health | D77: MOH | E77: TB& leprosy | F77: bamuzami@gmail.com | G77: 256782452154
C78: PMTCT
C79: ICCM | D79: MOH
B80: Rukundo | C80: PMO | D80: MOH | E80: NMEP | G80: 256782432315
B81: Maureen Amutuhaire | D81: MOH | E81: MCH | F81: amutuhairem@yahoo.com | G81: 256782861625
B82: Martin Lukwago | C82: Principal M&E | D82: MOH | E82: DHI | F82: mlutini@gmail.com
B83: Rogers Naturinda | C83: IRS | D83: MOH | F83: naturindarogers5@gmail.com | G83: 256779026703
B84: Danian Rutazaana | C84: Grants coordinator | D84: MOH | E84: GF | F84: damianamanya@gmail.com | G84: 256784762166

Sheet Campaign Characterisation
A1: CAMPAIGN CHARACTERISATION — standardised attributes per intervention (pre-filled WHO-aligned defaults; edit only where country practice differs)
A2: Captured once per intervention so the main Campaign Calendar sheet does not repeat it for every row.
A3: Intervention | B3: Typical target population | C3: Typical delivery platform | D3: Mode of delivery | E3: Standard pharmaceutical / commodity | F3: Typical duration (days) | G3: Typical team composition | H3: Supplies/Logistics | I3: Training | J3: Job Aids | K3: Census/registration | L3: Communication | M3: Supervision | N3: Data collection/ Monitoring | O3: Transportation | P3: Notes
A4: Measles-Rubella (MR)- every 3 years | B4: Children 9-59 months (catch-up to 15 y in some SIAs) | C4: Fixed + temporary fixed posts + house-to-house | D4: Injectable | E4: MR vaccine | F4: 5-10 | G4: Vaccinator, recorder, mobiliser, supervisor | H4: Vaccines & injection material, data tools, IEC material, CCE | I4: Yes | J4: Yes | K4: Household registration and mobilization to inform operational targets | L4: Mixed channels at all levels | M4: National, Regional, district , Subcounty, Parish | N4: Tally & summary sheets, GIS/ODK, dashboard, | O4: Supervision, vaccine & related supplies delivery at all levels
A5: Community Awareness Testing & Screening for TB, HIV and others(CAST+ ICHDs) | B5: Whole population | C5: Fixed + temporary fixed posts + house-to-house | D5: Multiple | E5: Multiple | F5: 60 | G5: Vaccinator, recorder, mobiliser, supervisor | H5: Vaccines & injection material, data tools, IEC material, CCE, Sample collection & testing kits, condoms,waste management | I5: No | J5: Need a national SOP for integrated health campaigns | K5: No | L5: Mixed channels at all levels | M5: National, Regional, district , Subcounty, Parish | N5: Tally & summary sheets, GIS/ODK, dashboard, research | O5: Supervision, vaccine delivery at all levels | P5: Need an integrated digital tool
A6: OPV / nOPV | B6: Children < 5 years | C6: House-to-house | D6: Oral | E6: bOPV / nOPV2 | F6: 4 | G6: Two-person teams, recorder, supervisor | H6: Vaccines & injection material, data tools, IEC material, CCE | I6: Yes | J6: Yes | K6: Household registration and mobilization to inform operational targets | L6: Mixed channels at all levels | M6: National, Regional, district , Subcounty, Parish | N6: Tally & summary sheets, GIS/ODK, e-register. dashboard, | O6: Supervision, vaccine delivery at all levels | P6: Used for SIAs and outbreak response (OBR).
A7: HPV | B7: Girls 10 years | C7: School-based + fixed posts | D7: Injectable | E7: HPV vaccine | F7: 60 | G7: Vaccinator, recorder, teacher focal point | H7: Vaccines & injection material, data tools, IEC material, CCE | I7: Yes | J7: Yes | K7: No | L7: Mixed channels at all levels | M7: National, Regional, district , Subcounty, Parish | N7: Tally & summary sheets, GIS/ODK, e-register, dashboard, | O7: Supervision, vaccine delivery at all levels
A8: ITN / LLIN-every 3 years | B8: Whole population (per household) | C8: House-to-house + fixed distribution points | D8: Net distribution | E8: LLIN | F8: 14 | G8: Distributor, recorder, crowd control, supervisor | H8: ITNs | I8: Yes | J8: Yes | K8: Household registration and mobilization to inform operational targets | L8: Mixed channels at all levels | M8: National, Regional, district , Subcounty, Parish | N8: Tally & summary sheets, GIS/ODK, dashboard, | O8: Supervision, supplies delivery at all levels
A9: SMC | B9: Children 3 months -10 years | C9: House-to-house | D9: Oral | E9: SP | F9: 4 (per monthly cycle) | G9: Community distributor, supervisor | H9: Tablets, MUAC , Vaccines | I9: Yes | J9: Supervision, vaccine delivery at all levels | K9: No, use previous estimates | L9: Facilitation of CHWs to conduct Household | M9: National, Regional, district , Subcounty, Parish | N9: Tally & summary sheets, GIS/ODK, e-register dashboard, | O9: Supervision, supplies delivery at all levels | P9: Typically 4-5 monthly cycles in the high-transmission season.
A10: Schistosomiasis (SCH) | B10: School-age(5-14 years) children (15 years +) | C10: School-based + community | D10: Oral | E10: Praziquantel (PZQ) | F10: 3-5 | G10: Teacher / community distributor, recorder, supervisor | H10: Tablets, MUAC , Vaccines,,waste management | I10: No | J10: Need a national SOP for integrated health campaigns-school& adolescent health standards | K10: No | L10: Facilitation of teachers to mobilise and participate; IEC | N10: Tally & summary sheets, GIS/ODK, dashboard | O10: Supervision, supplies delivery at all levels
A11: Deworming | B11: 1 year to 14 years | C11: School-based + community | D11: Oral | E11: Albendazole / Mebendazole | F11: 60 | G11: Teacher / community distributor, recorder, supervisor | H11: Tablets, MUAC , Vaccines,,waste management | I11: No | K11: No | M11: National, Regional, district , Subcounty, Parish | O11: Supervision, supplies delivery at all levels | P11: Often co-delivered with SCH.
A12: Lymphatic Filariasis (LF) | B12: Total population ≥ 5 years in endemic IUs | C12: Community-directed (CDD) | D12: Oral | E12: IVM + ALB (or IDA where eligible) | F12: 5-7 | G12: Community distributor, recorder, supervisor | H12: Tablets, MUAC , Vaccines,,waste management | I12: No | J12: Need a national SOP for integrated health campaigns-school& adolescent health standards | K12: No | L12: Facilitation of teachers to mobilize and participate and IEC | M12: National, Regional, district , Subcounty, Parish | N12: Tally & summary sheets, GIS/ODK, dashboard | O12: Supervision, supplies delivery | P12: Localised
A13: Onchocerciasis | B13: Total population ≥ 5 years in endemic communities | C13: Community-directed (CDTI) | D13: Oral | E13: Ivermectin | F13: 5-7 | G13: Community distributor, recorder, supervisor | H13: Tablets, MUAC , Vaccines,,waste management | I13: No | J13: Need a national SOP for integrated health | K13: No | L13: Mixed channels at all levels | M13: National, Regional, district , Subcounty, Parish | N13: Tally & summary sheets, GIS/ODK, e-register. DHIS 2 dashboard, | O13: Supervision, supplies delivery | P13: Localised
A14: Trachoma | B14: 0- 6 months | C14: Community-directed + fixed | D14: topical | E14: Azithromycin (± tetracycline eye ointment) | F14: 5 | G14: Community distributor, recorder, supervisor | H14: Tablets, MUAC , Vaccines,,waste management | I14: No | J14: Need a national SOP for integrated health | K14: No | L14: Mixed channels at all levels | M14: National, Regional, district , Subcounty, Parish | N14: Tally & summary sheets, GIS/ODK, e-register. DHIS 2 dashboard, | O14: Supervision, supplies delivery | P14: Localised
A15: Nutritional assessment | B15: Children 6-59 months | C15: Community-directed + fixed | D15: MUAC,weight | E15: Referral & care | F15: 60 | G15: Vaccinator, recorder, mobiliser, supervisor | H15: Tablets, MUAC , Vaccines,,waste management | I15: Yes | J15: Need a national SOP for integrated health household/community level | K15: No | L15: Facilitation of CHWs to conduct Household, IEC | M15: National, Regional, district , Subcounty, Parish | N15: Tally & summary sheets, GIS/ODK, e-register. DHIS 2 dashboard, | O15: Supervision, supplies delivery
A16: Fistula repairs(surgical camps) | B16: WCBA | C16: Fixed + temporary posts | D16: Screening | E16: Surgery | F16: 7 | G16: Surgical teams | H16: Drugs & sundries, MUAC , Vaccines,,waste management | I16: No | J16: Need a national SOP for integrated health surgcal camps | K16: No | L16: Mixed channels at all levels | M16: site supervision | N16: Digital reporting | O16: Service delivery | P16: Localised
A17: Indoor Residual Spraying | B17: High burden districts | C17: Community-directed (CDD) | D17: Spraying | E17: NDA approved chemical | F17: 14 | G17: Sprayer, recorder, mobiliser | H17: Spray, vaccines, MUAC,Tablets | I17: Yes | J17: Need a national SOP for integrated health | K17: No | L17: Facilitation of CHWs to conduct Household, IEC | M17: National, Regional, district , Subcounty, Parish | N17: Digital reporting | O17: Supervision, supplies delivery | P17: Localised
A18: Vitamin A (VAS) | B18: Children 6-59 months | C18: Fixed + temporary posts; integrated with MNCH / campaigns | D18: Oral | E18: Vitamin A capsules | F18: 60 | G18: Distributor, recorder, mobiliser | H18: Tablets, MUAC , Vaccines,,waste management | I18: No | J18: Need a national SOP for integrated health | K18: No | L18: Facilitation of CHWs to conduct Household, IEC | M18: National, Regional, district , Subcounty, Parish | N18: Tally & summary sheets, GIS/ODK, e-register. DHIS 2 dashboard, | O18: Supervision, supplies delivery | P18: Frequently integrated into other campaigns or MNCH weeks.

Sheet Campaign Calendar
A1: CAMPAIGN CALENDAR — main data-entry sheet (one row per campaign × admin-1 unit × year)
A2: CAMPAIGN IDENTIFICATION | E2: IMPLEMENTATION CALENDAR — mark each active month with 'X' | Q2: GEOGRAPHIC COVERAGE | S2: CAMPAIGN CHARACTERISTICS & COORDINATION
A3: Campaign ID | B3: Programme area | C3: Intervention | D3: Year | E3: Jan | F3: Feb | G3: Mar | H3: Apr | I3: May | J3: Jun | K3: Jul | L3: Aug | M3: Sep | N3: Oct | O3: Nov | P3: Dec | Q3: Admin-1 unit (region / state / province) | R3: No. of Admin-2 units targeted (district / county / municipality) | S3: Status | T3: Target population | U3: Delivery platform | V3: Commodity / funding status | W3: Implementing partner(s) | X3: Funder / donor | Y3: Duration (days) | Z3: Integration / co-delivery intent | AA3: Comments
A4: UGA-01 | B4: Malaria | C4: ITN / LLIN | D4: 2026 | F4: X | G4: X | H4: X | I4: X | J4: X | K4: X | L4: X | M4: X | Q4: National | R4: 146 | S4: Confirmed | T4: 45000000 | U4: House-to-house | V4: Secured | W4: MoH - Malaria CP | X4: Global Fund, USG | Y4: 7 | AA4: Mass net distribution; one-time campaign
A5: UGA-02 | B5: NTD | C5: Schistosomiasis (SCH) | D5: 2026 | G5: X | H5: X | M5: X | N5: X | Q5: Selected districts | R5: 95 | S5: Confirmed | T5: 740000 | U5: Mixed | V5: Secured | W5: MoH NTD | X5: Drug donation (e.g. MDP / ITI) | Y5: 5 | Z5: Same schools as STH (EX-03) — joint delivery
A6: UGA-03 | B6: NTD | C6: STH | D6: 2026 | G6: X | H6: X | M6: X | N6: X | Q6: National | R6: 146 | S6: Confirmed | T6: 920000 | U6: Mixed | V6: Secured | W6: MoH NTD | X6: Drug donation (e.g. MDP / ITI) | Y6: 5 | Z6: Same schools as SCH (EX-02) — joint delivery | AA6: Co-administered with PZQ
A7: UGA-04 | B7: Malaria | C7: SMC | D7: 2026 | H7: X | I7: X | M7: X | N7: X | Q7: Selected districts | R7: 9 | S7: Confirmed | T7: 1180000 | U7: House-to-house | V7: Secured | W7: MoH - Malaria CP, Malaria Consortium, UNICEF | X7: Global Fund | Y7: 4 | Z7: VAS (EX-05) overlaps in May and November — joint mobilisation possible | AA7: Five monthly cycles
A8: UGA-05 | B8: Nutrition | C8: Vitamin A (VAS) | D8: 2026 | G8: X | H8: X | M8: X | N8: X | Q8: National | R8: 146 | S8: Confirmed | T8: 1180000 | U8: Mixed | V8: Secured | W8: MoH, UNICEF | X8: Government | Y8: 5 | Z8: Aligns with SMC (EX-04) in same region | AA8: Twice-yearly distribution
A9: UGA-06 | B9: NTD | C9: Onchocerciasis | D9: 2026 | G9: X | H9: X | M9: X | N9: X | Q9: Selected districts | R9: 50 | S9: Confirmed | T9: 750000 | U9: Mixed | V9: Secured | W9: MoH NTD | X9: Drug donation (e.g. MDP / ITI) | Y9: 7 | Z9: Co-deliver with LF (EX-07) — shared CDD network | AA9: CDTI; ivermectin donated
A10: UGA-07 | B10: NTD | C10: Lymphatic Filariasis (LF) | D10: 2026 | Q10: Selected districts | S10: Confirmed | T10: 1950000 | U10: Mixed | V10: Pipeline / expected | W10: MoH NTD | X10: Drug donation (e.g. MDP / ITI) | Y10: 7 | Z10: Co-deliver with Onchocerciasis (EX-06) — shared CDD network | AA10: IDA where eligible [NOTE: no implementation month marked - timing to confirm]
A11: UGA-08 | B11: Immunization | C11: Measles-Rubella (MR) | D11: 2026 | N11: X | Q11: National | R11: 146 | S11: Confirmed | T11: 520000 | U11: Mixed | V11: Secured | W11: MoH -UNEPI, WHO, UNICEF | X11: Gavi | Y11: 7 | AA11: Catch-up campaign
A12: UGA-09 | B12: Immunization | C12: CAST+ICHDs | D12: 2026 | G12: X | H12: X | M12: X | N12: X | Q12: National | R12: 146 | S12: Confirmed | T12: 2400000 | U12: Fixed post | V12: Secured | W12: MoH | X12: Gavi | Y12: 10 | AA12: Preventive mass vaccination
A13: UGA-10 | B13: Immunization | C13: HPV | D13: 2026 | G13: X | H13: X | M13: X | N13: X | Q13: National | R13: 146 | S13: Tentative | T13: 470000 | U13: Mixed | V13: Pipeline / expected | W13: MoH | X13: Gavi | Y13: 5 | AA13: School-based; girls 9-14
A14: UGA-11 | B14: Polio | C14: OPV / nOPV | D14: 2026 | Q14: Selected districts | R14: 0 | S14: Tentative | T14: 880000 | U14: Mixed | V14: Secured | W14: MoH | X14: GPEI | Y14: 4 | AA14: Outbreak response (OBR)
A15: UGA-12 | B15: NTD | C15: Trachoma | D15: 2026 | G15: X | H15: X | M15: X | N15: X | Q15: Selected districts | R15: 0 | S15: Confirmed | T15: 2750000 | U15: Mixed | V15: Pipeline / expected | W15: MoH NTD | X15: Drug donation (e.g. MDP / ITI) | Y15: 5 | AA15: Azithromycin MDA
A16: UGA-13 | B16: Malaria | C16: IRS | D16: 2026 | M16: X | Q16: Selected districts | R16: 66 | S16: Confirmed | T16: 760000 | U16: House-to-house | V16: Pipeline / expected | W16: MoH - Malaria CP | X16: USG, GF | Y16: 5 | AA16: IRS Campaign
A17: e | Q17: Districts/Cities | R17: 22 | S17: Tentative | T17: 8100000 | AA17: Phased follow-up distribution [INCOMPLETE ROW: intervention and year not specified - please complete or delete]
A44: Rows EX-01 to EX-14 are illustrative examples from a fictional country (Murkonia) showing how the structure is used — delete them before sending the tool to a country. Drop-down lists allow free text where an option is not listed (e.g. 'Other' interventions).

Sheet Snapshot
A1: CALENDAR SNAPSHOT — consolidated view by intervention and month (updates automatically from the Campaign Calendar sheet)
A2: Calendar year: | B2: 2026 | C2: Each cell lists the admin-1 units where that intervention is planned in the selected year. Change the year to switch between 2026-2028. Empty cell = no campaign recorded.
A3: Intervention | B3: Jan | C3: Feb | D3: Mar | E3: Apr | F3: May | G3: Jun | H3: Jul | I3: Aug | J3: Sep | K3: Oct | L3: Nov | M3: Dec
A4: Measles-Rubella (MR) | B4: ='Snapshot calc'!B$203 | C4: ='Snapshot calc'!C$203 | D4: ='Snapshot calc'!D$203 | E4: ='Snapshot calc'!E$203 | F4: ='Snapshot calc'!F$203 | G4: ='Snapshot calc'!G$203 | H4: ='Snapshot calc'!H$203 | I4: ='Snapshot calc'!I$203 | ... M4: ='Snapshot calc'!M$203
A5: Yellow Fever (YF) | B5: ='Snapshot calc'!N$203 | C5: ='Snapshot calc'!O$203 | D5: ='Snapshot calc'!P$203 | E5: ='Snapshot calc'!Q$203 | F5: ='Snapshot calc'!R$203 | G5: ='Snapshot calc'!S$203 | H5: ='Snapshot calc'!T$203 | I5: ='Snapshot calc'!U$203 | ... M5: ='Snapshot calc'!Y$203
A6: OPV / nOPV | B6: ='Snapshot calc'!Z$203 | C6: ='Snapshot calc'!AA$203 | D6: ='Snapshot calc'!AB$203 | E6: ='Snapshot calc'!AC$203 | F6: ='Snapshot calc'!AD$203 | G6: ='Snapshot calc'!AE$203 | H6: ='Snapshot calc'!AF$203 | I6: ='Snapshot calc'!AG$203 | ... M6: ='Snapshot calc'!AK$203
A7: OCV | B7: ='Snapshot calc'!AL$203 | C7: ='Snapshot calc'!AM$203 | D7: ='Snapshot calc'!AN$203 | E7: ='Snapshot calc'!AO$203 | F7: ='Snapshot calc'!AP$203 | G7: ='Snapshot calc'!AQ$203 | H7: ='Snapshot calc'!AR$203 | I7: ='Snapshot calc'!AS$203 | ... M7: ='Snapshot calc'!AW$203
A8: HPV | B8: ='Snapshot calc'!AX$203 | C8: ='Snapshot calc'!AY$203 | D8: ='Snapshot calc'!AZ$203 | E8: ='Snapshot calc'!BA$203 | F8: ='Snapshot calc'!BB$203 | G8: ='Snapshot calc'!BC$203 | H8: ='Snapshot calc'!BD$203 | I8: ='Snapshot calc'!BE$203 | ... M8: ='Snapshot calc'!BI$203
A9: TCV | B9: ='Snapshot calc'!BJ$203 | C9: ='Snapshot calc'!BK$203 | D9: ='Snapshot calc'!BL$203 | E9: ='Snapshot calc'!BM$203 | F9: ='Snapshot calc'!BN$203 | G9: ='Snapshot calc'!BO$203 | H9: ='Snapshot calc'!BP$203 | I9: ='Snapshot calc'!BQ$203 | ... M9: ='Snapshot calc'!BU$203
A10: ITN / LLIN | B10: ='Snapshot calc'!BV$203 | C10: ='Snapshot calc'!BW$203 | D10: ='Snapshot calc'!BX$203 | E10: ='Snapshot calc'!BY$203 | F10: ='Snapshot calc'!BZ$203 | G10: ='Snapshot calc'!CA$203 | H10: ='Snapshot calc'!CB$203 | I10: ='Snapshot calc'!CC$203 | ... M10: ='Snapshot calc'!CG$203
A11: IRS | B11: ='Snapshot calc'!CH$203 | C11: ='Snapshot calc'!CI$203 | D11: ='Snapshot calc'!CJ$203 | E11: ='Snapshot calc'!CK$203 | F11: ='Snapshot calc'!CL$203 | G11: ='Snapshot calc'!CM$203 | H11: ='Snapshot calc'!CN$203 | I11: ='Snapshot calc'!CO$203 | ... M11: ='Snapshot calc'!CS$203
A12: SMC | B12: ='Snapshot calc'!CT$203 | C12: ='Snapshot calc'!CU$203 | D12: ='Snapshot calc'!CV$203 | E12: ='Snapshot calc'!CW$203 | F12: ='Snapshot calc'!CX$203 | G12: ='Snapshot calc'!CY$203 | H12: ='Snapshot calc'!CZ$203 | I12: ='Snapshot calc'!DA$203 | ... M12: ='Snapshot calc'!DE$203
A13: Schistosomiasis (SCH) | B13: ='Snapshot calc'!DF$203 | C13: ='Snapshot calc'!DG$203 | D13: ='Snapshot calc'!DH$203 | E13: ='Snapshot calc'!DI$203 | F13: ='Snapshot calc'!DJ$203 | G13: ='Snapshot calc'!DK$203 | H13: ='Snapshot calc'!DL$203 | I13: ='Snapshot calc'!DM$203 | ... M13: ='Snapshot calc'!DQ$203
A14: STH | B14: ='Snapshot calc'!DR$203 | C14: ='Snapshot calc'!DS$203 | D14: ='Snapshot calc'!DT$203 | E14: ='Snapshot calc'!DU$203 | F14: ='Snapshot calc'!DV$203 | G14: ='Snapshot calc'!DW$203 | H14: ='Snapshot calc'!DX$203 | I14: ='Snapshot calc'!DY$203 | ... M14: ='Snapshot calc'!EC$203
A15: Lymphatic Filariasis (LF) | B15: ='Snapshot calc'!ED$203 | C15: ='Snapshot calc'!EE$203 | D15: ='Snapshot calc'!EF$203 | E15: ='Snapshot calc'!EG$203 | F15: ='Snapshot calc'!EH$203 | G15: ='Snapshot calc'!EI$203 | H15: ='Snapshot calc'!EJ$203 | I15: ='Snapshot calc'!EK$203 | ... M15: ='Snapshot calc'!EO$203
A16: Onchocerciasis | B16: ='Snapshot calc'!EP$203 | C16: ='Snapshot calc'!EQ$203 | D16: ='Snapshot calc'!ER$203 | E16: ='Snapshot calc'!ES$203 | F16: ='Snapshot calc'!ET$203 | G16: ='Snapshot calc'!EU$203 | H16: ='Snapshot calc'!EV$203 | I16: ='Snapshot calc'!EW$203 | ... M16: ='Snapshot calc'!FA$203
A17: Trachoma | B17: ='Snapshot calc'!FB$203 | C17: ='Snapshot calc'!FC$203 | D17: ='Snapshot calc'!FD$203 | E17: ='Snapshot calc'!FE$203 | F17: ='Snapshot calc'!FF$203 | G17: ='Snapshot calc'!FG$203 | H17: ='Snapshot calc'!FH$203 | I17: ='Snapshot calc'!FI$203 | ... M17: ='Snapshot calc'!FM$203
A18: Vitamin A (VAS) | B18: ='Snapshot calc'!FN$203 | C18: ='Snapshot calc'!FO$203 | D18: ='Snapshot calc'!FP$203 | E18: ='Snapshot calc'!FQ$203 | F18: ='Snapshot calc'!FR$203 | G18: ='Snapshot calc'!FS$203 | H18: ='Snapshot calc'!FT$203 | I18: ='Snapshot calc'!FU$203 | ... M18: ='Snapshot calc'!FY$203
A19: Nutrition (MUAC) | B19: ='Snapshot calc'!FZ$203 | C19: ='Snapshot calc'!GA$203 | D19: ='Snapshot calc'!GB$203 | E19: ='Snapshot calc'!GC$203 | F19: ='Snapshot calc'!GD$203 | G19: ='Snapshot calc'!GE$203 | H19: ='Snapshot calc'!GF$203 | I19: ='Snapshot calc'!GG$203 | ... M19: ='Snapshot calc'!GK$203
A20: CAST+ICHDs | B20: ='Snapshot calc'!GL$203 | C20: ='Snapshot calc'!GM$203 | D20: ='Snapshot calc'!GN$203 | E20: ='Snapshot calc'!GO$203 | F20: ='Snapshot calc'!GP$203 | G20: ='Snapshot calc'!GQ$203 | H20: ='Snapshot calc'!GR$203 | I20: ='Snapshot calc'!GS$203 | ... M20: ='Snapshot calc'!GW$203
A21: Fistula repair | B21: ='Snapshot calc'!GX$203 | C21: ='Snapshot calc'!GY$203 | D21: ='Snapshot calc'!GZ$203 | E21: ='Snapshot calc'!HA$203 | F21: ='Snapshot calc'!HB$203 | G21: ='Snapshot calc'!HC$203 | H21: ='Snapshot calc'!HD$203 | I21: ='Snapshot calc'!HE$203 | ... M21: ='Snapshot calc'!HI$203
A23: Reading the snapshot: where the same admin-1 unit appears under two or more interventions in the same month, that month-and-location is a candidate for coordinated or integrated delivery (shared microplanning, social mobilisation, transport or co-administration).

Sheet Reference Lists
A1: REFERENCE LISTS — controlled vocabularies feeding the drop-down menus
A2: Programme area | B2: Intervention | C2: Status | D2: Delivery platform | E2: Commodity / funding status | F2: Funder / donor | G2: Year | H2: Month mark
A3: Immunization | B3: Measles-Rubella (MR) | C3: Confirmed | D3: Fixed post | E3: Secured | F3: Government | G3: 2026 | H3: X
A4: Malaria | B4: Yellow Fever (YF) | C4: Tentative | D4: Temporary fixed post | E4: Partially secured | F4: Gavi | G4: 2027
A5: NTD | B5: OPV / nOPV | C5: Under discussion | D5: House-to-house | E5: Pipeline / expected | F5: Global Fund | G5: 2028
A6: Nutrition | B6: OCV | C6: At risk | D6: School-based | E6: Funding gap | F6: GPEI
A7: Polio | B7: HPV | D7: Community-directed (CDD) | E7: Not yet known | F7: USAID
A8: Other | B8: TCV | D8: Health facility | F8: FCDO
B9: ITN / LLIN | D9: Mixed | F9: Gates Foundation
B10: IRS | F10: World Bank
B11: SMC | F11: Drug donation (e.g. MDP / ITI)
B12: Schistosomiasis (SCH) | F12: Other
B13: STH
B14: Lymphatic Filariasis (LF)
B15: Onchocerciasis
B16: Trachoma
B17: Vitamin A (VAS)
B18: Nutrition (MUAC)
B19: CAST+ICHDs
B20: Fistula repair

Sheet Snapshot calc
A1: AUTO-GENERATED - do not edit. Running concatenation that feeds the Snapshot sheet. Uses only IF / AND / & so it works in every version of Excel. Safe to leave hidden.
B2: =Snapshot!$A$4&" | "&Snapshot!B$3 | C2: =Snapshot!$A$4&" | "&Snapshot!C$3 | D2: =Snapshot!$A$4&" | "&Snapshot!D$3 | E2: =Snapshot!$A$4&" | "&Snapshot!E$3 | F2: =Snapshot!$A$4&" | "&Snapshot!F$3 | G2: =Snapshot!$A$4&" | "&Snapshot!G$3 | H2: =Snapshot!$A$4&" | "&Snapshot!H$3 | I2: =Snapshot!$A$4&" | "&Snapshot!I$3 | ... M2: =Snapshot!$A$4&" | "&Snapshot!M$3 | N2: =Snapshot!$A$5&" | "&Snapshot!B$3 | O2: =Snapshot!$A$5&" | "&Snapshot!C$3 | P2: =Snapshot!$A$5&" | "&Snapshot!D$3 | Q2: =Snapshot!$A$5&" | "&Snapshot!E$3 | R2: =Snapshot!$A$5&" | "&Snapshot!F$3 | S2: =Snapshot!$A$5&" | "&Snapshot!G$3 | T2: =Snapshot!$A$5&" | "&Snapshot!H$3 | U2: =Snapshot!$A$5&" | "&Snapshot!I$3 | ... Y2: =Snapshot!$A$5&" | "&Snapshot!M$3 | Z2: =Snapshot!$A$6&" | "&Snapshot!B$3 | AA2: =Snapshot!$A$6&" | "&Snapshot!C$3 | AB2: =Snapshot!$A$6&" | "&Snapshot!D$3 | AC2: =Snapshot!$A$6&" | "&Snapshot!E$3 | AD2: =Snapshot!$A$6&" | "&Snapshot!F$3 | AE2: =Snapshot!$A$6&" | "&Snapshot!G$3 | AF2: =Snapshot!$A$6&" | "&Snapshot!H$3 | AG2: =Snapshot!$A$6&" | "&Snapshot!I$3 | ... AK2: =Snapshot!$A$6&" | "&Snapshot!M$3 | AL2: =Snapshot!$A$7&" | "&Snapshot!B$3 | AM2: =Snapshot!$A$7&" | "&Snapshot!C$3 | AN2: =Snapshot!$A$7&" | "&Snapshot!D$3 | AO2: =Snapshot!$A$7&" | "&Snapshot!E$3 | AP2: =Snapshot!$A$7&" | "&Snapshot!F$3 | AQ2: =Snapshot!$A$7&" | "&Snapshot!G$3 | AR2: =Snapshot!$A$7&" | "&Snapshot!H$3 | AS2: =Snapshot!$A$7&" | "&Snapshot!I$3 | ... AW2: =Snapshot!$A$7&" | "&Snapshot!M$3 | AX2: =Snapshot!$A$8&" | "&Snapshot!B$3 | AY2: =Snapshot!$A$8&" | "&Snapshot!C$3 | AZ2: =Snapshot!$A$8&" | "&Snapshot!D$3 | BA2: =Snapshot!$A$8&" | "&Snapshot!E$3 | BB2: =Snapshot!$A$8&" | "&Snapshot!F$3 | BC2: =Snapshot!$A$8&" | "&Snapshot!G$3 | BD2: =Snapshot!$A$8&" | "&Snapshot!H$3 | BE2: =Snapshot!$A$8&" | "&Snapshot!I$3 | ... BI2: =Snapshot!$A$8&" | "&Snapshot!M$3 | BJ2: =Snapshot!$A$9&" | "&Snapshot!B$3 | BK2: =Snapshot!$A$9&" | "&Snapshot!C$3 | BL2: =Snapshot!$A$9&" | "&Snapshot!D$3 | BM2: =Snapshot!$A$9&" | "&Snapshot!E$3 | BN2: =Snapshot!$A$9&" | "&Snapshot!F$3 | BO2: =Snapshot!$A$9&" | "&Snapshot!G$3 | BP2: =Snapshot!$A$9&" | "&Snapshot!H$3 | BQ2: =Snapshot!$A$9&" | "&Snapshot!I$3 | ... BU2: =Snapshot!$A$9&" | "&Snapshot!M$3 | BV2: =Snapshot!$A$10&" | "&Snapshot!B$3 | BW2: =Snapshot!$A$10&" | "&Snapshot!C$3 | BX2: =Snapshot!$A$10&" | "&Snapshot!D$3 | BY2: =Snapshot!$A$10&" | "&Snapshot!E$3 | BZ2: =Snapshot!$A$10&" | "&Snapshot!F$3 | CA2: =Snapshot!$A$10&" | "&Snapshot!G$3 | CB2: =Snapshot!$A$10&" | "&Snapshot!H$3 | CC2: =Snapshot!$A$10&" | "&Snapshot!I$3 | ... CG2: =Snapshot!$A$10&" | "&Snapshot!M$3 | CH2: =Snapshot!$A$11&" | "&Snapshot!B$3 | CI2: =Snapshot!$A$11&" | "&Snapshot!C$3 | CJ2: =Snapshot!$A$11&" | "&Snapshot!D$3 | CK2: =Snapshot!$A$11&" | "&Snapshot!E$3 | CL2: =Snapshot!$A$11&" | "&Snapshot!F$3 | CM2: =Snapshot!$A$11&" | "&Snapshot!G$3 | CN2: =Snapshot!$A$11&" | "&Snapshot!H$3 | CO2: =Snapshot!$A$11&" | "&Snapshot!I$3 | ... CS2: =Snapshot!$A$11&" | "&Snapshot!M$3 | CT2: =Snapshot!$A$12&" | "&Snapshot!B$3 | CU2: =Snapshot!$A$12&" | "&Snapshot!C$3 | CV2: =Snapshot!$A$12&" | "&Snapshot!D$3 | CW2: =Snapshot!$A$12&" | "&Snapshot!E$3 | CX2: =Snapshot!$A$12&" | "&Snapshot!F$3 | CY2: =Snapshot!$A$12&" | "&Snapshot!G$3 | CZ2: =Snapshot!$A$12&" | "&Snapshot!H$3 | DA2: =Snapshot!$A$12&" | "&Snapshot!I$3 | ... DE2: =Snapshot!$A$12&" | "&Snapshot!M$3 | DF2: =Snapshot!$A$13&" | "&Snapshot!B$3 | DG2: =Snapshot!$A$13&" | "&Snapshot!C$3 | DH2: =Snapshot!$A$13&" | "&Snapshot!D$3 | DI2: =Snapshot!$A$13&" | "&Snapshot!E$3 | DJ2: =Snapshot!$A$13&" | "&Snapshot!F$3 | DK2: =Snapshot!$A$13&" | "&Snapshot!G$3 | DL2: =Snapshot!$A$13&" | "&Snapshot!H$3 | DM2: =Snapshot!$A$13&" | "&Snapshot!I$3 | ... DQ2: =Snapshot!$A$13&" | "&Snapshot!M$3 | DR2: =Snapshot!$A$14&" | "&Snapshot!B$3 | DS2: =Snapshot!$A$14&" | "&Snapshot!C$3 | DT2: =Snapshot!$A$14&" | "&Snapshot!D$3 | DU2: =Snapshot!$A$14&" | "&Snapshot!E$3 | DV2: =Snapshot!$A$14&" | "&Snapshot!F$3 | DW2: =Snapshot!$A$14&" | "&Snapshot!G$3 | DX2: =Snapshot!$A$14&" | "&Snapshot!H$3 | DY2: =Snapshot!$A$14&" | "&Snapshot!I$3 | ... EC2: =Snapshot!$A$14&" | "&Snapshot!M$3 | ED2: =Snapshot!$A$15&" | "&Snapshot!B$3 | EE2: =Snapshot!$A$15&" | "&Snapshot!C$3 | EF2: =Snapshot!$A$15&" | "&Snapshot!D$3 | EG2: =Snapshot!$A$15&" | "&Snapshot!E$3 | EH2: =Snapshot!$A$15&" | "&Snapshot!F$3 | EI2: =Snapshot!$A$15&" | "&Snapshot!G$3 | EJ2: =Snapshot!$A$15&" | "&Snapshot!H$3 | EK2: =Snapshot!$A$15&" | "&Snapshot!I$3 | ... EO2: =Snapshot!$A$15&" | "&Snapshot!M$3 | EP2: =Snapshot!$A$16&" | "&Snapshot!B$3 | EQ2: =Snapshot!$A$16&" | "&Snapshot!C$3 | ER2: =Snapshot!$A$16&" | "&Snapshot!D$3 | ES2: =Snapshot!$A$16&" | "&Snapshot!E$3 | ET2: =Snapshot!$A$16&" | "&Snapshot!F$3 | EU2: =Snapshot!$A$16&" | "&Snapshot!G$3 | EV2: =Snapshot!$A$16&" | "&Snapshot!H$3 | EW2: =Snapshot!$A$16&" | "&Snapshot!I$3 | ... FA2: =Snapshot!$A$16&" | "&Snapshot!M$3 | FB2: =Snapshot!$A$17&" | "&Snapshot!B$3 | FC2: =Snapshot!$A$17&" | "&Snapshot!C$3 | FD2: =Snapshot!$A$17&" | "&Snapshot!D$3 | FE2: =Snapshot!$A$17&" | "&Snapshot!E$3 | FF2: =Snapshot!$A$17&" | "&Snapshot!F$3 | FG2: =Snapshot!$A$17&" | "&Snapshot!G$3 | FH2: =Snapshot!$A$17&" | "&Snapshot!H$3 | FI2: =Snapshot!$A$17&" | "&Snapshot!I$3 | ... FM2: =Snapshot!$A$17&" | "&Snapshot!M$3 | FN2: =Snapshot!$A$18&" | "&Snapshot!B$3 | FO2: =Snapshot!$A$18&" | "&Snapshot!C$3 | FP2: =Snapshot!$A$18&" | "&Snapshot!D$3 | FQ2: =Snapshot!$A$18&" | "&Snapshot!E$3 | FR2: =Snapshot!$A$18&" | "&Snapshot!F$3 | FS2: =Snapshot!$A$18&" | "&Snapshot!G$3 | FT2: =Snapshot!$A$18&" | "&Snapshot!H$3 | FU2: =Snapshot!$A$18&" | "&Snapshot!I$3 | ... FY2: =Snapshot!$A$18&" | "&Snapshot!M$3 | FZ2: =Snapshot!$A$19&" | "&Snapshot!B$3 | GA2: =Snapshot!$A$19&" | "&Snapshot!C$3 | GB2: =Snapshot!$A$19&" | "&Snapshot!D$3 | GC2: =Snapshot!$A$19&" | "&Snapshot!E$3 | GD2: =Snapshot!$A$19&" | "&Snapshot!F$3 | GE2: =Snapshot!$A$19&" | "&Snapshot!G$3 | GF2: =Snapshot!$A$19&" | "&Snapshot!H$3 | GG2: =Snapshot!$A$19&" | "&Snapshot!I$3 | ... GK2: =Snapshot!$A$19&" | "&Snapshot!M$3 | GL2: =Snapshot!$A$20&" | "&Snapshot!B$3 | GM2: =Snapshot!$A$20&" | "&Snapshot!C$3 | GN2: =Snapshot!$A$20&" | "&Snapshot!D$3 | GO2: =Snapshot!$A$20&" | "&Snapshot!E$3 | GP2: =Snapshot!$A$20&" | "&Snapshot!F$3 | GQ2: =Snapshot!$A$20&" | "&Snapshot!G$3 | GR2: =Snapshot!$A$20&" | "&Snapshot!H$3 | GS2: =Snapshot!$A$20&" | "&Snapshot!I$3 | ... GW2: =Snapshot!$A$20&" | "&Snapshot!M$3 | GX2: =Snapshot!$A$21&" | "&Snapshot!B$3 | GY2: =Snapshot!$A$21&" | "&Snapshot!C$3 | GZ2: =Snapshot!$A$21&" | "&Snapshot!D$3 | HA2: =Snapshot!$A$21&" | "&Snapshot!E$3 | HB2: =Snapshot!$A$21&" | "&Snapshot!F$3 | HC2: =Snapshot!$A$21&" | "&Snapshot!G$3 | HD2: =Snapshot!$A$21&" | "&Snapshot!H$3 | HE2: =Snapshot!$A$21&" | "&Snapshot!I$3 | ... HI2: =Snapshot!$A$21&" | "&Snapshot!M$3
B3: ="" | C3: ="" | D3: ="" | E3: ="" | F3: ="" | G3: ="" | H3: ="" | I3: ="" | ... HI3: =""
B4: =B3&IF(AND(AND('Campaign Calendar'!$C4=Snapshot!$A$4,'Campaign Calendar'!$D4=Snapshot!$B$2,'Campaign Calendar'!E4="X",'Campaign Calendar'!$Q4<>""),NOT(ISNUMBER(SEARCH(", "&'Campaign Calendar'!$Q4&", ",", "&B3&", ")))),IF(B3="","",", ")&'Campaign Calendar'!$Q4,"") | C4: =C3&IF(AND(AND('Campaign Calendar'!$C4=Snapshot!$A$4,'Campaign Calendar'!$D4=Snapshot!$B$2,'Campaign Calendar'!F4="X",'Campaign Calendar'!$Q4<>""),NOT(ISNUMBER(SEARCH(", "&'Campaign Calendar'!$Q4&", ",", "&C3&", ")))),IF(C3="","",", ")&'Campaign Calendar'!$Q4,"") | D4: =D3&IF(AND(AND('Campaign Calendar'!$C4=Snapshot!$A$4,'Campaign Calendar'!$D4=Snapshot!$B$2,'Campaign Calendar'!G4="X",'Campaign Calendar'!$Q4<>""),NOT(ISNUMBER(SEARCH(", "&'Campaign Calendar'!$Q4&", ",", "&D3&", ")))),IF(D3="","",", ")&'Campaign Calendar'!$Q4,"") | E4: =E3&IF(AND(AND('Campaign Calendar'!$C4=Snapshot!$A$4,'Campaign Calendar'!$D4=Snapshot!$B$2,'Campaign Calendar'!H4="X",'Campaign Calendar'!$Q4<>""),NOT(ISNUMBER(SEARCH(", "&'Campaign Calendar'!$Q4&", ",", "&E3&", ")))),IF(E3="","",", ")&'Campaign Calendar'!$Q4,"") | F4: =F3&IF(AND(AND('Campaign Calendar'!$C4=Snapshot!$A$4,'Campaign Calendar'!$D4=Snapshot!$B$2,'Campaign Calendar'!I4="X",'Campaign Calendar'!$Q4<>""),NOT(ISNUMBER(SEARCH(", "&'Campaign Calendar'!$Q4&", ",", "&F3&", ")))),IF(F3="","",", ")&'Campaign Calendar'!$Q4,"") | G4: =G3&IF(AND(AND('Campaign Calendar'!$C4=Snapshot!$A$4,'Campaign Calendar'!$D4=Snapshot!$B$2,'Campaign Calendar'!J4="X",'Campaign Calendar'!$Q4<>""),NOT(ISNUMBER(SEARCH(", "&'Campaign Calendar'!$Q4&", ",", "&G3&", ")))),IF(G3="","",", ")&'Campaign Calendar'!$Q4,"") | H4: =H3&IF(AND(AND('Campaign Calendar'!$C4=Snapshot!$A$4,'Campaign Calendar'!$D4=Snapshot!$B$2,'Campaign Calendar'!K4="X",'Campaign Calendar'!$Q4<>""),NOT(ISNUMBER(SEARCH(", "&'Campaign Calendar'!$Q4&", ",", "&H3&", ")))),IF(H3="","",", ")&'Campaign Calendar'!$Q4,"") | I4: =I3&IF(AND(AND('Campaign Calendar'!$C4=Snapshot!$A$4,'Campaign Calendar'!$D4=Snapshot!$B$2,'Campaign Calendar'!L4="X",'Campaign Calendar'!$Q4<>""),NOT(ISNUMBER(SEARCH(", "&'Campaign Calendar'!$Q4&", ",", "&I3&", ")))),IF(I3="","",", ")&'Campaign Calendar'!$Q4,"") | ... M4: =M3&IF(AND(AND('Campaign Calendar'!$C4=Snapshot!$A$4,'Campaign Calendar'!$D4=Snapshot!$B$2,'Campaign Calendar'!P4="X",'Campaign Calendar'!$Q4<>""),NOT(ISNUMBER(SEARCH(", "&'Campaign Calendar'!$Q4&", ",", "&M3&", ")))),IF(M3="","",", ")&'Campaign Calendar'!$Q4,"") | N4: =N3&IF(AND(AND('Campaign Calendar'!$C4=Snapshot!$A$5,'Campaign Calendar'!$D4=Snapshot!$B$2,'Campaign Calendar'!E4="X",'Campaign Calendar'!$Q4<>""),NOT(ISNUMBER(SEARCH(", "&'Campaign Calendar'!$Q4&", ",", "&N3&", ")))),IF(N3="","",", ")&'Campaign Calendar'!$Q4,"") | O4: =O3&IF(AND(AND('Campaign Calendar'!$C4=Snapshot!$A$5,'Campaign Calendar'!$D4=Snapshot!$B$2,'Campaign Calendar'!F4="X",'Campaign Calendar'!$Q4<>""),NOT(ISNUMBER(SEARCH(", "&'Campaign Calendar'!$Q4&", ",", "&O3&", ")))),IF(O3="","",", ")&'Campaign Calendar'!$Q4,"") | P4: =P3&IF(AND(AND('Campaign Calendar'!$C4=Snapshot!$A$5,'Campaign Calendar'!$D4=Snapshot!$B$2,'Campaign Calendar'!G4="X",'Campaign Calendar'!$Q4<>""),NOT(ISNUMBER(SEARCH(", "&'Campaign Calendar'!$Q4&", ",", "&P3&", ")))),IF(P3="","",", ")&'Campaign Calendar'!$Q4,"") | Q4: =Q3&IF(AND(AND('Campaign Calendar'!$C4=Snapshot!$A$5,'Campaign Calendar'!$D4=Snapshot!$B$2,'Campaign Calendar'!H4="X",'Campaign Calendar'!$Q4<>""),NOT(ISNUMBER(SEARCH(", "&'Campaign Calendar'!$Q4&", ",", "&Q3&", ")))),IF(Q3="","",", ")&'Campaign Calendar'!$Q4,"") | R4: =R3&IF(AND(AND('Campaign Calendar'!$C4=Snapshot!$A$5,'Campaign Calendar'!$D4=Snapshot!$B$2,'Campaign Calendar'!I4="X",'Campaign Calendar'!$Q4<>""),NOT(ISNUMBER(SEARCH(", "&'Campaign Calendar'!$Q4&", ",", "&R3&", ")))),IF(R3="","",", ")&'Campaign Calendar'!$Q4,"") | S4: =S3&IF(AND(AND('Campaign Calendar'!$C4=Snapshot!$A$5,'Campaign Calendar'!$D4=Snapshot!$B$2,'Campaign Calendar'!J4="X",'Campaign Calendar'!$Q4<>""),NOT(ISNUMBER(SEARCH(", "&'Campaign Calendar'!$Q4&", ",", "&S3&", ")))),IF(S3="","",", ")&'Campaign Calendar'!$Q4,"") | T4: =T3&IF(AND(AND('Campaign Calendar'!$C4=Snapshot!$A$5,'Campaign Calendar'!$D4=Snapshot!$B$2,'Campaign Calendar'!K4="X",'Campaign Calendar'!$Q4<>""),NOT(ISNUMBER(SEARCH(", "&'Campaign Calendar'!$Q4&", ",", "&T3&", ")))),IF(T3="","",", ")&'Campaign Calendar'!$Q4,"") | U4: =U3&IF(AND(AND('Campaign Calendar'!$C4=Snapshot!$A$5,'Campaign Calendar'!$D4=Snapshot!$B$2,'Campaign Calendar'!L4="X",'Campaign Calendar'!$Q4<>""),NOT(ISNUMBER(SEARCH(", "&'Campaign Calendar'!$Q4&", ",", "&U3&", ")))),IF(U3="","",", ")&'Campaign Calendar'!$Q4,"") | ... Y4: =Y3&IF(AND(AND('Campaign Calendar'!$C4=Snapshot!$A$5,'Campaign Calendar'!$D4=Snapshot!$B$2,'Campaign Calendar'!P4="X",'Campaign Calendar'!$Q4<>""),NOT(ISNUMBER(SEARCH(", "&'Campaign Calendar'!$Q4&", ",", "&Y3&", ")))),IF(Y3="","",", ")&'Campaign Calendar'!$Q4,"") | Z4: =Z3&IF(AND(AND('Campaign Calendar'!$C4=Snapshot!$A$6,'Campaign Calendar'!$D4=Snapshot!$B$2,'Campaign Calendar'!E4="X",'Campaign Calendar'!$Q4<>""),NOT(ISNUMBER(SEARCH(", "&'Campaign Calendar'!$Q4&", ",", "&Z3&", ")))),IF(Z3="","",", ")&'Campaign Calendar'!$Q4,"") | AA4: =AA3&IF(AND(AND('Campaign Calendar'!$C4=Snapshot!$A$6,'Campaign Calendar'!$D4=Snapshot!$B$2,'Campaign Calendar'!F4="X",'Campaign Calendar'!$Q4<>""),NOT(ISNUMBER(SEARCH(", "&'Campaign Calendar'!$Q4&", ",", "&AA3&", ")))),IF(AA3="","",", ")&'Campaign Calendar'!$Q4,"") | AB4: =AB3&IF(AND(AND('Campaign Calendar'!$C4=Snapshot!$A$6,'Campaign Calendar'!$D4=Snapshot!$B$2,'Campaign Calendar'!G4="X",'Campaign Calendar'!$Q4<>""),NOT(ISNUMBER(SEARCH(", "&'Campaign Calendar'!$Q4&", ",", "&AB3&", ")))),IF(AB3="","",", ")&'Campaign Calendar'!$Q4,"") | AC4: =AC3&IF(AND(AND('Campaign Calendar'!$C4=Snapshot!$A$6,'Campaign Calendar'!$D4=Snapshot!$B$2,'Campaign Calendar'!H4="X",'Campaign Calendar'!$Q4<>""),NOT(ISNUMBER(SEARCH(", "&'Campaign Calendar'!$Q4&", ",", "&AC3&", ")))),IF(AC3="","",", ")&'Campaign Calendar'!$Q4,"") | AD4: =AD3&IF(AND(AND('Campaign Calendar'!$C4=Snapshot!$A$6,'Campaign Calendar'!$D4=Snapshot!$B$2,'Campaign Calendar'!I4="X",'Campaign Calendar'!$Q4<>""),NOT(ISNUMBER(SEARCH(", "&'Campaign Calendar'!$Q4&", ",", "&AD3&", ")))),IF(AD3="","",", ")&'Campaign Calendar'!$Q4,"") | AE4: =AE3&IF(AND(AND('Campaign Calendar'!$C4=Snapshot!$A$6,'Campaign Calendar'!$D4=Snapshot!$B$2,'Campaign Calendar'!J4="X",'Campaign Calendar'!$Q4<>""),NOT(ISNUMBER(SEARCH(", "&'Campaign Calendar'!$Q4&", ",", "&AE3&", ")))),IF(AE3="","",", ")&'Campaign Calendar'!$Q4,"") | AF4: =AF3&IF(AND(AND('Campaign Calendar'!$C4=Snapshot!$A$6,'Campaign Calendar'!$D4=Snapshot!$B$2,'Campaign Calendar'!K4="X",'Campaign Calendar'!$Q4<>""),NOT(ISNUMBER(SEARCH(", "&'Campaign Calendar'!$Q4&", ",", "&AF3&", ")))),IF(AF3="","",", ")&'Campaign Calendar'!$Q4,"") | AG4: =AG3&IF(AND(AND('Campaign Calendar'!$C4=Snapshot!$A$6,'Campaign Calendar'!$D4=Snapshot!$B$2,'Campaign Calendar'!L4="X",'Campaign Calendar'!$Q4<>""),NOT(ISNUMBER(SEARCH(", "&'Campaign Calendar'!$Q4&", ",", "&AG3&", ")))),IF(AG3="","",", ")&'Campaign Calendar'!$Q4,"") | ... AK4: =AK3&IF(AND(AND('Campaign Calendar'!$C4=Snapshot!$A$6,'Campaign Calendar'!$D4=Snapshot!$B$2,'Campaign Calendar'!P4="X",'Campaign Calendar'!$Q4<>""),NOT(ISNUMBER(SEARCH(", "&'Campaign Calendar'!$Q4&", ",", "&AK3&", ")))),IF(AK3="","",", ")&'Campaign Calendar'!$Q4,"") | AL4: =AL3&IF(AND(AND('Campaign Calendar'!$C4=Snapshot!$A$7,'Campaign Calendar'!$D4=Snapshot!$B$2,'Campaign Calendar'!E4="X",'Campaign Calendar'!$Q4<>""),NOT(ISNUMBER(SEARCH(", "&'Campaign Calendar'!$Q4&", ",", "&AL3&", ")))),IF(AL3="","",", ")&'Campaign Calendar'!$Q4,"") | AM4: =AM3&IF(AND(AND('Campaign Calendar'!$C4=Snapshot!$A$7,'Campaign Calendar'!$D4=Snapshot!$B$2,'Campaign Calendar'!F4="X",'Campaign Calendar'!$Q4<>""),NOT(ISNUMBER(SEARCH(", "&'Campaign Calendar'!$Q4&", ",", "&AM3&", ")))),IF(AM3="","",", ")&'Campaign Calendar'!$Q4,"") | AN4: =AN3&IF(AND(AND('Campaign Calendar'!$C4=Snapshot!$A$7,'Campaign Calendar'!$D4=Snapshot!$B$2,'Campaign Calendar'!G4="X",'Campaign Calendar'!$Q4<>""),NOT(ISNUMBER(SEARCH(", "&'Campaign Calendar'!$Q4&", ",", "&AN3&", ")))),IF(AN3="","",", ")&'Campaign Calendar'!$Q4,"") | AO4: =AO3&IF(AND(AND('Campaign Calendar'!$C4=Snapshot!$A$7,'Campaign Calendar'!$D4=Snapshot!$B$2,'Campaign Calendar'!H4="X",'Campaign Calendar'!$Q4<>""),NOT(ISNUMBER(SEARCH(", "&'Campaign Calendar'!$Q4&", ",", "&AO3&", ")))),IF(AO3="","",", ")&'Campaign Calendar'!$Q4,"") | AP4: =AP3&IF(AND(AND('Campaign Calendar'!$C4=Snapshot!$A$7,'Campaign Calendar'!$D4=Snapshot!$B$2,'Campaign Calendar'!I4="X",'Campaign Calendar'!$Q4<>""),NOT(ISNUMBER(SEARCH(", "&'Campaign Calendar'!$Q4&", ",", "&AP3&", ")))),IF(AP3="","",", ")&'Campaign Calendar'!$Q4,"") | AQ4: =AQ3&IF(AND(AND('Campaign Calendar'!$C4=Snapshot!$A$7,'Campaign Calendar'!$D4=Snapshot!$B$2,'Campaign Calendar'!J4="X",'Campaign Calendar'!$Q4<>""),NOT(ISNUMBER(SEARCH(", "&'Campaign Calendar'!$Q4&", ",", "&AQ3&", ")))),IF(AQ3="","",", ")&'Campaign Calendar'!$Q4,"") | AR4: =AR3&IF(AND(AND('Campaign Calendar'!$C4=Snapshot!$A$7,'Campaign Calendar'!$D4=Snapshot!$B$2,'Campaign Calendar'!K4="X",'Campaign Calendar'!$Q4<>""),NOT(ISNUMBER(SEARCH(", "&'Campaign Calendar'!$Q4&", ",", "&AR3&", ")))),IF(AR3="","",", ")&'Campaign Calendar'!$Q4,"") | AS4: =AS3&IF(AND(AND('Campaign Calendar'!$C4=Snapshot!$A$7,'Campaign Calendar'!$D4=Snapshot!$B$2,'Campaign Calendar'!L4="X",'Campaign Calendar'!$Q4<>""),NOT(ISNUMBER(SEARCH(", "&'Campaign Calendar'!$Q4&", ",", "&AS3&", ")))),IF(AS3="","",", ")&'Campaign Calendar'!$Q4,"") | ... AW4: =AW3&IF(AND(AND('Campaign Calendar'!$C4=Snapshot!$A$7,'Campaign Calendar'!$D4=Snapshot!$B$2,'Campaign Calendar'!P4="X",'Campaign Calendar'!$Q4<>""),NOT(ISNUMBER(SEARCH(", "&'Campaign Calendar'!$Q4&", ",", "&AW3&", ")))),IF(AW3="","",", ")&'Campaign Calendar'!$Q4,"") | AX4: =AX3&IF(AND(AND('Campaign Calendar'!$C4=Snapshot!$A$8,'Campaign Calendar'!$D4=Snapshot!$B$2,'Campaign Calendar'!E4="X",'Campaign Calendar'!$Q4<>""),NOT(ISNUMBER(SEARCH(", "&'Campaign Calendar'!$Q4&", ",", "&AX3&", ")))),IF(AX3="","",", ")&'Campaign Calendar'!$Q4,"") | AY4: =AY3&IF(AND(AND('Campaign Calendar'!$C4=Snapshot!$A$8,'Campaign Calendar'!$D4=Snapshot!$B$2,'Campaign Calendar'!F4="X",'Campaign Calendar'!$Q4<>""),NOT(ISNUMBER(SEARCH(", "&'Campaign Calendar'!$Q4&", ",", "&AY3&", ")))),IF(AY3="","",", ")&'Campaign Calendar'!$Q4,"") | AZ4: =AZ3&IF(AND(AND('Campaign Calendar'!$C4=Snapshot!$A$8,'Campaign Calendar'!$D4=Snapshot!$B$2,'Campaign Calendar'!G4="X",'Campaign Calendar'!$Q4<>""),NOT(ISNUMBER(SEARCH(", "&'Campaign Calendar'!$Q4&", ",", "&AZ3&", ")))),IF(AZ3="","",", ")&'Campaign Calendar'!$Q4,"") | BA4: =BA3&IF(AND(AND('Campaign Calendar'!$C4=Snapshot!$A$8,'Campaign Calendar'!$D4=Snapshot!$B$2,'Campaign Calendar'!H4="X",'Campaign Calendar'!$Q4<>""),NOT(ISNUMBER(SEARCH(", "&'Campaign Calendar'!$Q4&", ",", "&BA3&", ")))),IF(BA3="","",", ")&'Campaign Calendar'!$Q4,"") | BB4: =BB3&IF(AND(AND('Campaign Calendar'!$C4=Snapshot!$A$8,'Campaign Calendar'!$D4=Snapshot!$B$2,'Campaign Calendar'!I4="X",'Campaign Calendar'!$Q4<>""),NOT(ISNUMBER(SEARCH(", "&'Campaign Calendar'!$Q4&", ",", "&BB3&", ")))),IF(BB3="","",", ")&'Campaign Calendar'!$Q4,"") | BC4: =BC3&IF(AND(AND('Campaign Calendar'!$C4=Snapshot!$A$8,'Campaign Calendar'!$D4=Snapshot!$B$2,'Campaign Calendar'!J4="X",'Campaign Calendar'!$Q4<>""),NOT(ISNUMBER(SEARCH(", "&'Campaign Calendar'!$Q4&", ",", "&BC3&", ")))),IF(BC3="","",", ")&'Campaign Calendar'!$Q4,"") | BD4: =BD3&IF(AND(AND('Campaign Calendar'!$C4=Snapshot!$A$8,'Campaign Calendar'!$D4=Snapshot!$B$2,'Campaign Calendar'!K4="X",'Campaign Calendar'!$Q4<>""),NOT(ISNUMBER(SEARCH(", "&'Campaign Calendar'!$Q4&", ",", "&BD3&", ")))),IF(BD3="","",", ")&'Campaign Calendar'!$Q4,"") | BE4: =BE3&IF(AND(AND('Campaign Calendar'!$C4=Snapshot!$A$8,'Campaign Calendar'!$D4=Snapshot!$B$2,'Campaign Calendar'!L4="X",'Campaign Calendar'!$Q4<>""),NOT(ISNUMBER(SEARCH(", "&'Campaign Calendar'!$Q4&", ",", "&BE3&", ")))),IF(BE3="","",", ")&'Campaign Calendar'!$Q4,"") | ... BI4: =BI3&IF(AND(AND('Campaign Calendar'!$C4=Snapshot!$A$8,'Campaign Calendar'!$D4=Snapshot!$B$2,'Campaign Calendar'!P4="X",'Campaign Calendar'!$Q4<>""),NOT(ISNUMBER(SEARCH(", "&'Campaign Calendar'!$Q4&", ",", "&BI3&", ")))),IF(BI3="","",", ")&'Campaign Calendar'!$Q4,"") | BJ4: =BJ3&IF(AND(AND('Campaign Calendar'!$C4=Snapshot!$A$9,'Campaign Calendar'!$D4=Snapshot!$B$2,'Campaign Calendar'!E4="X",'Campaign Calendar'!$Q4<>""),NOT(ISNUMBER(SEARCH(", "&'Campaign Calendar'!$Q4&", ",", "&BJ3&", ")))),IF(BJ3="","",", ")&'Campaign Calendar'!$Q4,"") | BK4: =BK3&IF(AND(AND('Campaign Calendar'!$C4=Snapshot!$A$9,'Campaign Calendar'!$D4=Snapshot!$B$2,'Campaign Calendar'!F4="X",'Campaign Calendar'!$Q4<>""),NOT(ISNUMBER(SEARCH(", "&'Campaign Calendar'!$Q4&", ",", "&BK3&", ")))),IF(BK3="","",", ")&'Campaign Calendar'!$Q4,"") | BL4: =BL3&IF(AND(AND('Campaign Calendar'!$C4=Snapshot!$A$9,'Campaign Calendar'!$D4=Snapshot!$B$2,'Campaign Calendar'!G4="X",'Campaign Calendar'!$Q4<>""),NOT(ISNUMBER(SEARCH(", "&'Campaign Calendar'!$Q4&", ",", "&BL3&", ")))),IF(BL3="","",", ")&'Campaign Calendar'!$Q4,"") | BM4: =BM3&IF(AND(AND('Campaign Calendar'!$C4=Snapshot!$A$9,'Campaign Calendar'!$D4=Snapshot!$B$2,'Campaign Calendar'!H4="X",'Campaign Calendar'!$Q4<>""),NOT(ISNUMBER(SEARCH(", "&'Campaign Calendar'!$Q4&", ",", "&BM3&", ")))),IF(BM3="","",", ")&'Campaign Calendar'!$Q4,"") | BN4: =BN3&IF(AND(AND('Campaign Calendar'!$C4=Snapshot!$A$9,'Campaign Calendar'!$D4=Snapshot!$B$2,'Campaign Calendar'!I4="X",'Campaign Calendar'!$Q4<>""),NOT(ISNUMBER(SEARCH(", "&'Campaign Calendar'!$Q4&", ",", "&BN3&", ")))),IF(BN3="","",", ")&'Campaign Calendar'!$Q4,"") | BO4: =BO3&IF(AND(AND('Campaign Calendar'!$C4=Snapshot!$A$9,'Campaign Calendar'!$D4=Snapshot!$B$2,'Campaign Calendar'!J4="X",'Campaign Calendar'!$Q4<>""),NOT(ISNUMBER(SEARCH(", "&'Campaign Calendar'!$Q4&", ",", "&BO3&", ")))),IF(BO3="","",", ")&'Campaign Calendar'!$Q4,"") | BP4: =BP3&IF(AND(AND('Campaign Calendar'!$C4=Snapshot!$A$9,'Campaign Calendar'!$D4=Snapshot!$B$2,'Campaign Calendar'!K4="X",'Campaign Calendar'!$Q4<>""),NOT(ISNUMBER(SEARCH(", "&'Campaign Calendar'!$Q4&", ",", "&BP3&", ")))),IF(BP3="","",", ")&'Campaign Calendar'!$Q4,"") | BQ4: =BQ3&IF(AND(AND('Campaign Calendar'!$C4=Snapshot!$A$9,'Campaign Calendar'!$D4=Snapshot!$B$2,'Campaign Calendar'!L4="X",'Campaign Calendar'!$Q4<>""),NOT(ISNUMBER(SEARCH(", "&'Campaign Calendar'!$Q4&", ",", "&BQ3&", ")))),IF(BQ3="","",", ")&'Campaign Calendar'!$Q4,"") | ... BU4: =BU3&IF(AND(AND('Campaign Calendar'!$C4=Snapshot!$A$9,'Campaign Calendar'!$D4=Snapshot!$B$2,'Campaign Calendar'!P4="X",'Campaign Calendar'!$Q4<>""),NOT(ISNUMBER(SEARCH(", "&'Campaign Calendar'!$Q4&", ",", "&BU3&", ")))),IF(BU3="","",", ")&'Campaign Calendar'!$Q4,"") | BV4: =BV3&IF(AND(AND('Campaign Calendar'!$C4=Snapshot!$A$10,'Campaign Calendar'!$D4=Snapshot!$B$2,'Campaign Calendar'!E4="X",'Campaign Calendar'!$Q4<>""),NOT(ISNUMBER(SEARCH(", "&'Campaign Calendar'!$Q4&", ",", "&BV3&", ")))),IF(BV3="","",", ")&'Campaign Calendar'!$Q4,"") | BW4: =BW3&IF(AND(AND('Campaign Calendar'!$C4=Snapshot!$A$10,'Campaign Calendar'!$D4=Snapshot!$B$2,'Campaign Calendar'!F4="X",'Campaign Calendar'!$Q4<>""),NOT(ISNUMBER(SEARCH(", "&'Campaign Calendar'!$Q4&", ",", "&BW3&", ")))),IF(BW3="","",", ")&'Campaign Calendar'!$Q4,"") | BX4: =BX3&IF(AND(AND('Campaign Calendar'!$C4=Snapshot!$A$10,'Campaign Calendar'!$D4=Snapshot!$B$2,'Campaign Calendar'!G4="X",'Campaign Calendar'!$Q4<>""),NOT(ISNUMBER(SEARCH(", "&'Campaign Calendar'!$Q4&", ",", "&BX3&", ")))),IF(BX3="","",", ")&'Campaign Calendar'!$Q4,"") | BY4: =BY3&IF(AND(AND('Campaign Calendar'!$C4=Snapshot!$A$10,'Campaign Calendar'!$D4=Snapshot!$B$2,'Campaign Calendar'!H4="X",'Campaign Calendar'!$Q4<>""),NOT(ISNUMBER(SEARCH(", "&'Campaign Calendar'!$Q4&", ",", "&BY3&", ")))),IF(BY3="","",", ")&'Campaign Calendar'!$Q4,"") | BZ4: =BZ3&IF(AND(AND('Campaign Calendar'!$C4=Snapshot!$A$10,'Campaign Calendar'!$D4=Snapshot!$B$2,'Campaign Calendar'!I4="X",'Campaign Calendar'!$Q4<>""),NOT(ISNUMBER(SEARCH(", "&'Campaign Calendar'!$Q4&", ",", "&BZ3&", ")))),IF(BZ3="","",", ")&'Campaign Calendar'!$Q4,"") | CA4: =CA3&IF(AND(AND('Campaign Calendar'!$C4=Snapshot!$A$10,'Campaign Calendar'!$D4=Snapshot!$B$2,'Campaign Calendar'!J4="X",'Campaign Calendar'!$Q4<>""),NOT(ISNUMBER(SEARCH(", "&'Campaign Calendar'!$Q4&", ",", "&CA3&", ")))),IF(CA3="","",", ")&'Campaign Calendar'!$Q4,"") | CB4: =CB3&IF(AND(AND('Campaign Calendar'!$C4=Snapshot!$A$10,'Campaign Calendar'!$D4=Snapshot!$B$2,'Campaign Calendar'!K4="X",'Campaign Calendar'!$Q4<>""),NOT(ISNUMBER(SEARCH(", "&'Campaign Calendar'!$Q4&", ",", "&CB3&", ")))),IF(CB3="","",", ")&'Campaign Calendar'!$Q4,"") | CC4: =CC3&IF(AND(AND('Campaign Calendar'!$C4=Snapshot!$A$10,'Campaign Calendar'!$D4=Snapshot!$B$2,'Campaign Calendar'!L4="X",'Campaign Calendar'!$Q4<>""),NOT(ISNUMBER(SEARCH(", "&'Campaign Calendar'!$Q4&", ",", "&CC3&", ")))),IF(CC3="","",", ")&'Campaign Calendar'!$Q4,"") | ... CG4: =CG3&IF(AND(AND('Campaign Calendar'!$C4=Snapshot!$A$10,'Campaign Calendar'!$D4=Snapshot!$B$2,'Campaign Calendar'!P4="X",'Campaign Calendar'!$Q4<>""),NOT(ISNUMBER(SEARCH(", "&'Campaign Calendar'!$Q4&", ",", "&CG3&", ")))),IF(CG3="","",", ")&'Campaign Calendar'!$Q4,"") | CH4: =CH3&IF(AND(AND('Campaign Calendar'!$C4=Snapshot!$A$11,'Campaign Calendar'!$D4=Snapshot!$B$2,'Campaign Calendar'!E4="X",'Campaign Calendar'!$Q4<>""),NOT(ISNUMBER(SEARCH(", "&'Campaign Calendar'!$Q4&", ",", "&CH3&", ")))),IF(CH3="","",", ")&'Campaign Calendar'!$Q4,"") | CI4: =CI3&IF(AND(AND('Campaign Calendar'!$C4=Snapshot!$A$11,'Campaign Calendar'!$D4=Snapshot!$B$2,'Campaign Calendar'!F4="X",'Campaign Calendar'!$Q4<>""),NOT(ISNUMBER(SEARCH(", "&'Campaign Calendar'!$Q4&", ",", "&CI3&", ")))),IF(CI3="","",", ")&'Campaign Calendar'!$Q4,"") | CJ4: =CJ3&IF(AND(AND('Campaign Calendar'!$C4=Snapshot!$A$11,'Campaign Calendar'!$D4=Snapshot!$B$2,'Campaign Calendar'!G4="X",'Campaign Calendar'!$Q4<>""),NOT(ISNUMBER(SEARCH(", "&'Campaign Calendar'!$Q4&", ",", "&CJ3&", ")))),IF(CJ3="","",", ")&'Campaign Calendar'!$Q4,"") | CK4: =CK3&IF(AND(AND('Campaign Calendar'!$C4=Snapshot!$A$11,'Campaign Calendar'!$D4=Snapshot!$B$2,'Campaign Calendar'!H4="X",'Campaign Calendar'!$Q4<>""),NOT(ISNUMBER(SEARCH(", "&'Campaign Calendar'!$Q4&", ",", "&CK3&", ")))),IF(CK3="","",", ")&'Campaign Calendar'!$Q4,"") | CL4: =CL3&IF(AND(AND('Campaign Calendar'!$C4=Snapshot!$A$11,'Campaign Calendar'!$D4=Snapshot!$B$2,'Campaign Calendar'!I4="X",'Campaign Calendar'!$Q4<>""),NOT(ISNUMBER(SEARCH(", "&'Campaign Calendar'!$Q4&", ",", "&CL3&", ")))),IF(CL3="","",", ")&'Campaign Calendar'!$Q4,"") | CM4: =CM3&IF(AND(AND('Campaign Calendar'!$C4=Snapshot!$A$11,'Campaign Calendar'!$D4=Snapshot!$B$2,'Campaign Calendar'!J4="X",'Campaign Calendar'!$Q4<>""),NOT(ISNUMBER(SEARCH(", "&'Campaign Calendar'!$Q4&", ",", "&CM3&", ")))),IF(CM3="","",", ")&'Campaign Calendar'!$Q4,"") | CN4: =CN3&IF(AND(AND('Campaign Calendar'!$C4=Snapshot!$A$11,'Campaign Calendar'!$D4=Snapshot!$B$2,'Campaign Calendar'!K4="X",'Campaign Calendar'!$Q4<>""),NOT(ISNUMBER(SEARCH(", "&'Campaign Calendar'!$Q4&", ",", "&CN3&", ")))),IF(CN3="","",", ")&'Campaign Calendar'!$Q4,"") | CO4: =CO3&IF(AND(AND('Campaign Calendar'!$C4=Snapshot!$A$11,'Campaign Calendar'!$D4=Snapshot!$B$2,'Campaign Calendar'!L4="X",'Campaign Calendar'!$Q4<>""),NOT(ISNUMBER(SEARCH(", "&'Campaign Calendar'!$Q4&", ",", "&CO3&", ")))),IF(CO3="","",", ")&'Campaign Calendar'!$Q4,"") | ... CS4: =CS3&IF(AND(AND('Campaign Calendar'!$C4=Snapshot!$A$11,'Campaign Calendar'!$D4=Snapshot!$B$2,'Campaign Calendar'!P4="X",'Campaign Calendar'!$Q4<>""),NOT(ISNUMBER(SEARCH(", "&'Campaign Calendar'!$Q4&", ",", "&CS3&", ")))),IF(CS3="","",", ")&'Campaign Calendar'!$Q4,"") | CT4: =CT3&IF(AND(AND('Campaign Calendar'!$C4=Snapshot!$A$12,'Campaign Calendar'!$D4=Snapshot!$B$2,'Campaign Calendar'!E4="X",'Campaign Calendar'!$Q4<>""),NOT(ISNUMBER(SEARCH(", "&'Campaign Calendar'!$Q4&", ",", "&CT3&", ")))),IF(CT3="","",", ")&'Campaign Calendar'!$Q4,"") | CU4: =CU3&IF(AND(AND('Campaign Calendar'!$C4=Snapshot!$A$12,'Campaign Calendar'!$D4=Snapshot!$B$2,'Campaign Calendar'!F4="X",'Campaign Calendar'!$Q4<>""),NOT(ISNUMBER(SEARCH(", "&'Campaign Calendar'!$Q4&", ",", "&CU3&", ")))),IF(CU3="","",", ")&'Campaign Calendar'!$Q4,"") | CV4: =CV3&IF(AND(AND('Campaign Calendar'!$C4=Snapshot!$A$12,'Campaign Calendar'!$D4=Snapshot!$B$2,'Campaign Calendar'!G4="X",'Campaign Calendar'!$Q4<>""),NOT(ISNUMBER(SEARCH(", "&'Campaign Calendar'!$Q4&", ",", "&CV3&", ")))),IF(CV3="","",", ")&'Campaign Calendar'!$Q4,"") | CW4: =CW3&IF(AND(AND('Campaign Calendar'!$C4=Snapshot!$A$12,'Campaign Calendar'!$D4=Snapshot!$B$2,'Campaign Calendar'!H4="X",'Campaign Calendar'!$Q4<>""),NOT(ISNUMBER(SEARCH(", "&'Campaign Calendar'!$Q4&", ",", "&CW3&", ")))),IF(CW3="","",", ")&'Campaign Calendar'!$Q4,"") | CX4: =CX3&IF(AND(AND('Campaign Calendar'!$C4=Snapshot!$A$12,'Campaign Calendar'!$D4=Snapshot!$B$2,'Campaign Calendar'!I4="X",'Campaign Calendar'!$Q4<>""),NOT(ISNUMBER(SEARCH(", "&'Campaign Calendar'!$Q4&", ",", "&CX3&", ")))),IF(CX3="","",", ")&'Campaign Calendar'!$Q4,"") | CY4: =CY3&IF(AND(AND('Campaign Calendar'!$C4=Snapshot!$A$12,'Campaign Calendar'!$D4=Snapshot!$B$2,'Campaign Calendar'!J4="X",'Campaign Calendar'!$Q4<>""),NOT(ISNUMBER(SEARCH(", "&'Campaign Calendar'!$Q4&", ",", "&CY3&", ")))),IF(CY3="","",", ")&'Campaign Calendar'!$Q4,"") | CZ4: =CZ3&IF(AND(AND('Campaign Calendar'!$C4=Snapshot!$A$12,'Campaign Calendar'!$D4=Snapshot!$B$2,'Campaign Calendar'!K4="X",'Campaign Calendar'!$Q4<>""),NOT(ISNUMBER(SEARCH(", "&'Campaign Calendar'!$Q4&", ",", "&CZ3&", ")))),IF(CZ3="","",", ")&'Campaign Calendar'!$Q4,"") | DA4: =DA3&IF(AND(AND('Campaign Calendar'!$C4=Snapshot!$A$12,'Campaign Calendar'!$D4=Snapshot!$B$2,'Campaign Calendar'!L4="X",'Campaign Calendar'!$Q4<>""),NOT(ISNUMBER(SEARCH(", "&'Campaign Calendar'!$Q4&", ",", "&DA3&", ")))),IF(DA3="","",", ")&'Campaign Calendar'!$Q4,"") | ... DE4: =DE3&IF(AND(AND('Campaign Calendar'!$C4=Snapshot!$A$12,'Campaign Calendar'!$D4=Snapshot!$B$2,'Campaign Calendar'!P4="X",'Campaign Calendar'!$Q4<>""),NOT(ISNUMBER(SEARCH(", "&'Campaign Calendar'!$Q4&", ",", "&DE3&", ")))),IF(DE3="","",", ")&'Campaign Calendar'!$Q4,"") | DF4: =DF3&IF(AND(AND('Campaign Calendar'!$C4=Snapshot!$A$13,'Campaign Calendar'!$D4=Snapshot!$B$2,'Campaign Calendar'!E4="X",'Campaign Calendar'!$Q4<>""),NOT(ISNUMBER(SEARCH(", "&'Campaign Calendar'!$Q4&", ",", "&DF3&", ")))),IF(DF3="","",", ")&'Campaign Calendar'!$Q4,"") | DG4: =DG3&IF(AND(AND('Campaign Calendar'!$C4=Snapshot!$A$13,'Campaign Calendar'!$D4=Snapshot!$B$2,'Campaign Calendar'!F4="X",'Campaign Calendar'!$Q4<>""),NOT(ISNUMBER(SEARCH(", "&'Campaign Calendar'!$Q4&", ",", "&DG3&", ")))),IF(DG3="","",", ")&'Campaign Calendar'!$Q4,"") | DH4: =DH3&IF(AND(AND('Campaign Calendar'!$C4=Snapshot!$A$13,'Campaign Calendar'!$D4=Snapshot!$B$2,'Campaign Calendar'!G4="X",'Campaign Calendar'!$Q4<>""),NOT(ISNUMBER(SEARCH(", "&'Campaign Calendar'!$Q4&", ",", "&DH3&", ")))),IF(DH3="","",", ")&'Campaign Calendar'!$Q4,"") | DI4: =DI3&IF(AND(AND('Campaign Calendar'!$C4=Snapshot!$A$13,'Campaign Calendar'!$D4=Snapshot!$B$2,'Campaign Calendar'!H4="X",'Campaign Calendar'!$Q4<>""),NOT(ISNUMBER(SEARCH(", "&'Campaign Calendar'!$Q4&", ",", "&DI3&", ")))),IF(DI3="","",", ")&'Campaign Calendar'!$Q4,"") | DJ4: =DJ3&IF(AND(AND('Campaign Calendar'!$C4=Snapshot!$A$13,'Campaign Calendar'!$D4=Snapshot!$B$2,'Campaign Calendar'!I4="X",'Campaign Calendar'!$Q4<>""),NOT(ISNUMBER(SEARCH(", "&'Campaign Calendar'!$Q4&", ",", "&DJ3&", ")))),IF(DJ3="","",", ")&'Campaign Calendar'!$Q4,"") | DK4: =DK3&IF(AND(AND('Campaign Calendar'!$C4=Snapshot!$A$13,'Campaign Calendar'!$D4=Snapshot!$B$2,'Campaign Calendar'!J4="X",'Campaign Calendar'!$Q4<>""),NOT(ISNUMBER(SEARCH(", "&'Campaign Calendar'!$Q4&", ",", "&DK3&", ")))),IF(DK3="","",", ")&'Campaign Calendar'!$Q4,"") | DL4: =DL3&IF(AND(AND('Campaign Calendar'!$C4=Snapshot!$A$13,'Campaign Calendar'!$D4=Snapshot!$B$2,'Campaign Calendar'!K4="X",'Campaign Calendar'!$Q4<>""),NOT(ISNUMBER(SEARCH(", "&'Campaign Calendar'!$Q4&", ",", "&DL3&", ")))),IF(DL3="","",", ")&'Campaign Calendar'!$Q4,"") | DM4: =DM3&IF(AND(AND('Campaign Calendar'!$C4=Snapshot!$A$13,'Campaign Calendar'!$D4=Snapshot!$B$2,'Campaign Calendar'!L4="X",'Campaign Calendar'!$Q4<>""),NOT(ISNUMBER(SEARCH(", "&'Campaign Calendar'!$Q4&", ",", "&DM3&", ")))),IF(DM3="","",", ")&'Campaign Calendar'!$Q4,"") | ... DQ4: =DQ3&IF(AND(AND('Campaign Calendar'!$C4=Snapshot!$A$13,'Campaign Calendar'!$D4=Snapshot!$B$2,'Campaign Calendar'!P4="X",'Campaign Calendar'!$Q4<>""),NOT(ISNUMBER(SEARCH(", "&'Campaign Calendar'!$Q4&", ",", "&DQ3&", ")))),IF(DQ3="","",", ")&'Campaign Calendar'!$Q4,"") | DR4: =DR3&IF(AND(AND('Campaign Calendar'!$C4=Snapshot!$A$14,'Campaign Calendar'!$D4=Snapshot!$B$2,'Campaign Calendar'!E4="X",'Campaign Calendar'!$Q4<>""),NOT(ISNUMBER(SEARCH(", "&'Campaign Calendar'!$Q4&", ",", "&DR3&", ")))),IF(DR3="","",", ")&'Campaign Calendar'!$Q4,"") | DS4: =DS3&IF(AND(AND('Campaign Calendar'!$C4=Snapshot!$A$14,'Campaign Calendar'!$D4=Snapshot!$B$2,'Campaign Calendar'!F4="X",'Campaign Calendar'!$Q4<>""),NOT(ISNUMBER(SEARCH(", "&'Campaign Calendar'!$Q4&", ",", "&DS3&", ")))),IF(DS3="","",", ")&'Campaign Calendar'!$Q4,"") | DT4: =DT3&IF(AND(AND('Campaign Calendar'!$C4=Snapshot!$A$14,'Campaign Calendar'!$D4=Snapshot!$B$2,'Campaign Calendar'!G4="X",'Campaign Calendar'!$Q4<>""),NOT(ISNUMBER(SEARCH(", "&'Campaign Calendar'!$Q4&", ",", "&DT3&", ")))),IF(DT3="","",", ")&'Campaign Calendar'!$Q4,"") | DU4: =DU3&IF(AND(AND('Campaign Calendar'!$C4=Snapshot!$A$14,'Campaign Calendar'!$D4=Snapshot!$B$2,'Campaign Calendar'!H4="X",'Campaign Calendar'!$Q4<>""),NOT(ISNUMBER(SEARCH(", "&'Campaign Calendar'!$Q4&", ",", "&DU3&", ")))),IF(DU3="","",", ")&'Campaign Calendar'!$Q4,"") | DV4: =DV3&IF(AND(AND('Campaign Calendar'!$C4=Snapshot!$A$14,'Campaign Calendar'!$D4=Snapshot!$B$2,'Campaign Calendar'!I4="X",'Campaign Calendar'!$Q4<>""),NOT(ISNUMBER(SEARCH(", "&'Campaign Calendar'!$Q4&", ",", "&DV3&", ")))),IF(DV3="","",", ")&'Campaign Calendar'!$Q4,"") | DW4: =DW3&IF(AND(AND('Campaign Calendar'!$C4=Snapshot!$A$14,'Campaign Calendar'!$D4=Snapshot!$B$2,'Campaign Calendar'!J4="X",'Campaign Calendar'!$Q4<>""),NOT(ISNUMBER(SEARCH(", "&'Campaign Calendar'!$Q4&", ",", "&DW3&", ")))),IF(DW3="","",", ")&'Campaign Calendar'!$Q4,"") | DX4: =DX3&IF(AND(AND('Campaign Calendar'!$C4=Snapshot!$A$14,'Campaign Calendar'!$D4=Snapshot!$B$2,'Campaign Calendar'!K4="X",'Campaign Calendar'!$Q4<>""),NOT(ISNUMBER(SEARCH(", "&'Campaign Calendar'!$Q4&", ",", "&DX3&", ")))),IF(DX3="","",", ")&'Campaign Calendar'!$Q4,"") | DY4: =DY3&IF(AND(AND('Campaign Calendar'!$C4=Snapshot!$A$14,'Campaign Calendar'!$D4=Snapshot!$B$2,'Campaign Calendar'!L4="X",'Campaign Calendar'!$Q4<>""),NOT(ISNUMBER(SEARCH(", "&'Campaign Calendar'!$Q4&", ",", "&DY3&", ")))),IF(DY3="","",", ")&'Campaign Calendar'!$Q4,"") | ... EC4: =EC3&IF(AND(AND('Campaign Calendar'!$C4=Snapshot!$A$14,'Campaign Calendar'!$D4=Snapshot!$B$2,'Campaign Calendar'!P4="X",'Campaign Calendar'!$Q4<>""),NOT(ISNUMBER(SEARCH(", "&'Campaign Calendar'!$Q4&", ",", "&EC3&", ")))),IF(EC3="","",", ")&'Campaign Calendar'!$Q4,"") | ED4: =ED3&IF(AND(AND('Campaign Calendar'!$C4=Snapshot!$A$15,'Campaign Calendar'!$D4=Snapshot!$B$2,'Campaign Calendar'!E4="X",'Campaign Calendar'!$Q4<>""),NOT(ISNUMBER(SEARCH(", "&'Campaign Calendar'!$Q4&", ",", "&ED3&", ")))),IF(ED3="","",", ")&'Campaign Calendar'!$Q4,"") | EE4: =EE3&IF(AND(AND('Campaign Calendar'!$C4=Snapshot!$A$15,'Campaign Calendar'!$D4=Snapshot!$B$2,'Campaign Calendar'!F4="X",'Campaign Calendar'!$Q4<>""),NOT(ISNUMBER(SEARCH(", "&'Campaign Calendar'!$Q4&", ",", "&EE3&", ")))),IF(EE3="","",", ")&'Campaign Calendar'!$Q4,"") | EF4: =EF3&IF(AND(AND('Campaign Calendar'!$C4=Snapshot!$A$15,'Campaign Calendar'!$D4=Snapshot!$B$2,'Campaign Calendar'!G4="X",'Campaign Calendar'!$Q4<>""),NOT(ISNUMBER(SEARCH(", "&'Campaign Calendar'!$Q4&", ",", "&EF3&", ")))),IF(EF3="","",", ")&'Campaign Calendar'!$Q4,"") | EG4: =EG3&IF(AND(AND('Campaign Calendar'!$C4=Snapshot!$A$15,'Campaign Calendar'!$D4=Snapshot!$B$2,'Campaign Calendar'!H4="X",'Campaign Calendar'!$Q4<>""),NOT(ISNUMBER(SEARCH(", "&'Campaign Calendar'!$Q4&", ",", "&EG3&", ")))),IF(EG3="","",", ")&'Campaign Calendar'!$Q4,"") | EH4: =EH3&IF(AND(AND('Campaign Calendar'!$C4=Snapshot!$A$15,'Campaign Calendar'!$D4=Snapshot!$B$2,'Campaign Calendar'!I4="X",'Campaign Calendar'!$Q4<>""),NOT(ISNUMBER(SEARCH(", "&'Campaign Calendar'!$Q4&", ",", "&EH3&", ")))),IF(EH3="","",", ")&'Campaign Calendar'!$Q4,"") | EI4: =EI3&IF(AND(AND('Campaign Calendar'!$C4=Snapshot!$A$15,'Campaign Calendar'!$D4=Snapshot!$B$2,'Campaign Calendar'!J4="X",'Campaign Calendar'!$Q4<>""),NOT(ISNUMBER(SEARCH(", "&'Campaign Calendar'!$Q4&", ",", "&EI3&", ")))),IF(EI3="","",", ")&'Campaign Calendar'!$Q4,"") | EJ4: =EJ3&IF(AND(AND('Campaign Calendar'!$C4=Snapshot!$A$15,'Campaign Calendar'!$D4=Snapshot!$B$2,'Campaign Calendar'!K4="X",'Campaign Calendar'!$Q4<>""),NOT(ISNUMBER(SEARCH(", "&'Campaign Calendar'!$Q4&", ",", "&EJ3&", ")))),IF(EJ3="","",", ")&'Campaign Calendar'!$Q4,"") | EK4: =EK3&IF(AND(AND('Campaign Calendar'!$C4=Snapshot!$A$15,'Campaign Calendar'!$D4=Snapshot!$B$2,'Campaign Calendar'!L4="X",'Campaign Calendar'!$Q4<>""),NOT(ISNUMBER(SEARCH(", "&'Campaign Calendar'!$Q4&", ",", "&EK3&", ")))),IF(EK3="","",", ")&'Campaign Calendar'!$Q4,"") | ... EO4: =EO3&IF(AND(AND('Campaign Calendar'!$C4=Snapshot!$A$15,'Campaign Calendar'!$D4=Snapshot!$B$2,'Campaign Calendar'!P4="X",'Campaign Calendar'!$Q4<>""),NOT(ISNUMBER(SEARCH(", "&'Campaign Calendar'!$Q4&", ",", "&EO3&", ")))),IF(EO3="","",", ")&'Campaign Calendar'!$Q4,"") | EP4: =EP3&IF(AND(AND('Campaign Calendar'!$C4=Snapshot!$A$16,'Campaign Calendar'!$D4=Snapshot!$B$2,'Campaign Calendar'!E4="X",'Campaign Calendar'!$Q4<>""),NOT(ISNUMBER(SEARCH(", "&'Campaign Calendar'!$Q4&", ",", "&EP3&", ")))),IF(EP3="","",", ")&'Campaign Calendar'!$Q4,"") | EQ4: =EQ3&IF(AND(AND('Campaign Calendar'!$C4=Snapshot!$A$16,'Campaign Calendar'!$D4=Snapshot!$B$2,'Campaign Calendar'!F4="X",'Campaign Calendar'!$Q4<>""),NOT(ISNUMBER(SEARCH(", "&'Campaign Calendar'!$Q4&", ",", "&EQ3&", ")))),IF(EQ3="","",", ")&'Campaign Calendar'!$Q4,"") | ER4: =ER3&IF(AND(AND('Campaign Calendar'!$C4=Snapshot!$A$16,'Campaign Calendar'!$D4=Snapshot!$B$2,'Campaign Calendar'!G4="X",'Campaign Calendar'!$Q4<>""),NOT(ISNUMBER(SEARCH(", "&'Campaign Calendar'!$Q4&", ",", "&ER3&", ")))),IF(ER3="","",", ")&'Campaign Calendar'!$Q4,"") | ES4: =ES3&IF(AND(AND('Campaign Calendar'!$C4=Snapshot!$A$16,'Campaign Calendar'!$D4=Snapshot!$B$2,'Campaign Calendar'!H4="X",'Campaign Calendar'!$Q4<>""),NOT(ISNUMBER(SEARCH(", "&'Campaign Calendar'!$Q4&", ",", "&ES3&", ")))),IF(ES3="","",", ")&'Campaign Calendar'!$Q4,"") | ET4: =ET3&IF(AND(AND('Campaign Calendar'!$C4=Snapshot!$A$16,'Campaign Calendar'!$D4=Snapshot!$B$2,'Campaign Calendar'!I4="X",'Campaign Calendar'!$Q4<>""),NOT(ISNUMBER(SEARCH(", "&'Campaign Calendar'!$Q4&", ",", "&ET3&", ")))),IF(ET3="","",", ")&'Campaign Calendar'!$Q4,"") | EU4: =EU3&IF(AND(AND('Campaign Calendar'!$C4=Snapshot!$A$16,'Campaign Calendar'!$D4=Snapshot!$B$2,'Campaign Calendar'!J4="X",'Campaign Calendar'!$Q4<>""),NOT(ISNUMBER(SEARCH(", "&'Campaign Calendar'!$Q4&", ",", "&EU3&", ")))),IF(EU3="","",", ")&'Campaign Calendar'!$Q4,"") | EV4: =EV3&IF(AND(AND('Campaign Calendar'!$C4=Snapshot!$A$16,'Campaign Calendar'!$D4=Snapshot!$B$2,'Campaign Calendar'!K4="X",'Campaign Calendar'!$Q4<>""),NOT(ISNUMBER(SEARCH(", "&'Campaign Calendar'!$Q4&", ",", "&EV3&", ")))),IF(EV3="","",", ")&'Campaign Calendar'!$Q4,"") | EW4: =EW3&IF(AND(AND('Campaign Calendar'!$C4=Snapshot!$A$16,'Campaign Calendar'!$D4=Snapshot!$B$2,'Campaign Calendar'!L4="X",'Campaign Calendar'!$Q4<>""),NOT(ISNUMBER(SEARCH(", "&'Campaign Calendar'!$Q4&", ",", "&EW3&", ")))),IF(EW3="","",", ")&'Campaign Calendar'!$Q4,"") | ... FA4: =FA3&IF(AND(AND('Campaign Calendar'!$C4=Snapshot!$A$16,'Campaign Calendar'!$D4=Snapshot!$B$2,'Campaign Calendar'!P4="X",'Campaign Calendar'!$Q4<>""),NOT(ISNUMBER(SEARCH(", "&'Campaign Calendar'!$Q4&", ",", "&FA3&", ")))),IF(FA3="","",", ")&'Campaign Calendar'!$Q4,"") | FB4: =FB3&IF(AND(AND('Campaign Calendar'!$C4=Snapshot!$A$17,'Campaign Calendar'!$D4=Snapshot!$B$2,'Campaign Calendar'!E4="X",'Campaign Calendar'!$Q4<>""),NOT(ISNUMBER(SEARCH(", "&'Campaign Calendar'!$Q4&", ",", "&FB3&", ")))),IF(FB3="","",", ")&'Campaign Calendar'!$Q4,"") | FC4: =FC3&IF(AND(AND('Campaign Calendar'!$C4=Snapshot!$A$17,'Campaign Calendar'!$D4=Snapshot!$B$2,'Campaign Calendar'!F4="X",'Campaign Calendar'!$Q4<>""),NOT(ISNUMBER(SEARCH(", "&'Campaign Calendar'!$Q4&", ",", "&FC3&", ")))),IF(FC3="","",", ")&'Campaign Calendar'!$Q4,"") | FD4: =FD3&IF(AND(AND('Campaign Calendar'!$C4=Snapshot!$A$17,'Campaign Calendar'!$D4=Snapshot!$B$2,'Campaign Calendar'!G4="X",'Campaign Calendar'!$Q4<>""),NOT(ISNUMBER(SEARCH(", "&'Campaign Calendar'!$Q4&", ",", "&FD3&", ")))),IF(FD3="","",", ")&'Campaign Calendar'!$Q4,"") | FE4: =FE3&IF(AND(AND('Campaign Calendar'!$C4=Snapshot!$A$17,'Campaign Calendar'!$D4=Snapshot!$B$2,'Campaign Calendar'!H4="X",'Campaign Calendar'!$Q4<>""),NOT(ISNUMBER(SEARCH(", "&'Campaign Calendar'!$Q4&", ",", "&FE3&", ")))),IF(FE3="","",", ")&'Campaign Calendar'!$Q4,"") | FF4: =FF3&IF(AND(AND('Campaign Calendar'!$C4=Snapshot!$A$17,'Campaign Calendar'!$D4=Snapshot!$B$2,'Campaign Calendar'!I4="X",'Campaign Calendar'!$Q4<>""),NOT(ISNUMBER(SEARCH(", "&'Campaign Calendar'!$Q4&", ",", "&FF3&", ")))),IF(FF3="","",", ")&'Campaign Calendar'!$Q4,"") | FG4: =FG3&IF(AND(AND('Campaign Calendar'!$C4=Snapshot!$A$17,'Campaign Calendar'!$D4=Snapshot!$B$2,'Campaign Calendar'!J4="X",'Campaign Calendar'!$Q4<>""),NOT(ISNUMBER(SEARCH(", "&'Campaign Calendar'!$Q4&", ",", "&FG3&", ")))),IF(FG3="","",", ")&'Campaign Calendar'!$Q4,"") | FH4: =FH3&IF(AND(AND('Campaign Calendar'!$C4=Snapshot!$A$17,'Campaign Calendar'!$D4=Snapshot!$B$2,'Campaign Calendar'!K4="X",'Campaign Calendar'!$Q4<>""),NOT(ISNUMBER(SEARCH(", "&'Campaign Calendar'!$Q4&", ",", "&FH3&", ")))),IF(FH3="","",", ")&'Campaign Calendar'!$Q4,"") | FI4: =FI3&IF(AND(AND('Campaign Calendar'!$C4=Snapshot!$A$17,'Campaign Calendar'!$D4=Snapshot!$B$2,'Campaign Calendar'!L4="X",'Campaign Calendar'!$Q4<>""),NOT(ISNUMBER(SEARCH(", "&'Campaign Calendar'!$Q4&", ",", "&FI3&", ")))),IF(FI3="","",", ")&'Campaign Calendar'!$Q4,"") | ... FM4: =FM3&IF(AND(AND('Campaign Calendar'!$C4=Snapshot!$A$17,'Campaign Calendar'!$D4=Snapshot!$B$2,'Campaign Calendar'!P4="X",'Campaign Calendar'!$Q4<>""),NOT(ISNUMBER(SEARCH(", "&'Campaign Calendar'!$Q4&", ",", "&FM3&", ")))),IF(FM3="","",", ")&'Campaign Calendar'!$Q4,"") | FN4: =FN3&IF(AND(AND('Campaign Calendar'!$C4=Snapshot!$A$18,'Campaign Calendar'!$D4=Snapshot!$B$2,'Campaign Calendar'!E4="X",'Campaign Calendar'!$Q4<>""),NOT(ISNUMBER(SEARCH(", "&'Campaign Calendar'!$Q4&", ",", "&FN3&", ")))),IF(FN3="","",", ")&'Campaign Calendar'!$Q4,"") | FO4: =FO3&IF(AND(AND('Campaign Calendar'!$C4=Snapshot!$A$18,'Campaign Calendar'!$D4=Snapshot!$B$2,'Campaign Calendar'!F4="X",'Campaign Calendar'!$Q4<>""),NOT(ISNUMBER(SEARCH(", "&'Campaign Calendar'!$Q4&", ",", "&FO3&", ")))),IF(FO3="","",", ")&'Campaign Calendar'!$Q4,"") | FP4: =FP3&IF(AND(AND('Campaign Calendar'!$C4=Snapshot!$A$18,'Campaign Calendar'!$D4=Snapshot!$B$2,'Campaign Calendar'!G4="X",'Campaign Calendar'!$Q4<>""),NOT(ISNUMBER(SEARCH(", "&'Campaign Calendar'!$Q4&", ",", "&FP3&", ")))),IF(FP3="","",", ")&'Campaign Calendar'!$Q4,"") | FQ4: =FQ3&IF(AND(AND('Campaign Calendar'!$C4=Snapshot!$A$18,'Campaign Calendar'!$D4=Snapshot!$B$2,'Campaign Calendar'!H4="X",'Campaign Calendar'!$Q4<>""),NOT(ISNUMBER(SEARCH(", "&'Campaign Calendar'!$Q4&", ",", "&FQ3&", ")))),IF(FQ3="","",", ")&'Campaign Calendar'!$Q4,"") | FR4: =FR3&IF(AND(AND('Campaign Calendar'!$C4=Snapshot!$A$18,'Campaign Calendar'!$D4=Snapshot!$B$2,'Campaign Calendar'!I4="X",'Campaign Calendar'!$Q4<>""),NOT(ISNUMBER(SEARCH(", "&'Campaign Calendar'!$Q4&", ",", "&FR3&", ")))),IF(FR3="","",", ")&'Campaign Calendar'!$Q4,"") | FS4: =FS3&IF(AND(AND('Campaign Calendar'!$C4=Snapshot!$A$18,'Campaign Calendar'!$D4=Snapshot!$B$2,'Campaign Calendar'!J4="X",'Campaign Calendar'!$Q4<>""),NOT(ISNUMBER(SEARCH(", "&'Campaign Calendar'!$Q4&", ",", "&FS3&", ")))),IF(FS3="","",", ")&'Campaign Calendar'!$Q4,"") | FT4: =FT3&IF(AND(AND('Campaign Calendar'!$C4=Snapshot!$A$18,'Campaign Calendar'!$D4=Snapshot!$B$2,'Campaign Calendar'!K4="X",'Campaign Calendar'!$Q4<>""),NOT(ISNUMBER(SEARCH(", "&'Campaign Calendar'!$Q4&", ",", "&FT3&", ")))),IF(FT3="","",", ")&'Campaign Calendar'!$Q4,"") | FU4: =FU3&IF(AND(AND('Campaign Calendar'!$C4=Snapshot!$A$18,'Campaign Calendar'!$D4=Snapshot!$B$2,'Campaign Calendar'!L4="X",'Campaign Calendar'!$Q4<>""),NOT(ISNUMBER(SEARCH(", "&'Campaign Calendar'!$Q4&", ",", "&FU3&", ")))),IF(FU3="","",", ")&'Campaign Calendar'!$Q4,"") | ... FY4: =FY3&IF(AND(AND('Campaign Calendar'!$C4=Snapshot!$A$18,'Campaign Calendar'!$D4=Snapshot!$B$2,'Campaign Calendar'!P4="X",'Campaign Calendar'!$Q4<>""),NOT(ISNUMBER(SEARCH(", "&'Campaign Calendar'!$Q4&", ",", "&FY3&", ")))),IF(FY3="","",", ")&'Campaign Calendar'!$Q4,"") | FZ4: =FZ3&IF(AND(AND('Campaign Calendar'!$C4=Snapshot!$A$19,'Campaign Calendar'!$D4=Snapshot!$B$2,'Campaign Calendar'!E4="X",'Campaign Calendar'!$Q4<>""),NOT(ISNUMBER(SEARCH(", "&'Campaign Calendar'!$Q4&", ",", "&FZ3&", ")))),IF(FZ3="","",", ")&'Campaign Calendar'!$Q4,"") | GA4: =GA3&IF(AND(AND('Campaign Calendar'!$C4=Snapshot!$A$19,'Campaign Calendar'!$D4=Snapshot!$B$2,'Campaign Calendar'!F4="X",'Campaign Calendar'!$Q4<>""),NOT(ISNUMBER(SEARCH(", "&'Campaign Calendar'!$Q4&", ",", "&GA3&", ")))),IF(GA3="","",", ")&'Campaign Calendar'!$Q4,"") | GB4: =GB3&IF(AND(AND('Campaign Calendar'!$C4=Snapshot!$A$19,'Campaign Calendar'!$D4=Snapshot!$B$2,'Campaign Calendar'!G4="X",'Campaign Calendar'!$Q4<>""),NOT(ISNUMBER(SEARCH(", "&'Campaign Calendar'!$Q4&", ",", "&GB3&", ")))),IF(GB3="","",", ")&'Campaign Calendar'!$Q4,"") | GC4: =GC3&IF(AND(AND('Campaign Calendar'!$C4=Snapshot!$A$19,'Campaign Calendar'!$D4=Snapshot!$B$2,'Campaign Calendar'!H4="X",'Campaign Calendar'!$Q4<>""),NOT(ISNUMBER(SEARCH(", "&'Campaign Calendar'!$Q4&", ",", "&GC3&", ")))),IF(GC3="","",", ")&'Campaign Calendar'!$Q4,"") | GD4: =GD3&IF(AND(AND('Campaign Calendar'!$C4=Snapshot!$A$19,'Campaign Calendar'!$D4=Snapshot!$B$2,'Campaign Calendar'!I4="X",'Campaign Calendar'!$Q4<>""),NOT(ISNUMBER(SEARCH(", "&'Campaign Calendar'!$Q4&", ",", "&GD3&", ")))),IF(GD3="","",", ")&'Campaign Calendar'!$Q4,"") | GE4: =GE3&IF(AND(AND('Campaign Calendar'!$C4=Snapshot!$A$19,'Campaign Calendar'!$D4=Snapshot!$B$2,'Campaign Calendar'!J4="X",'Campaign Calendar'!$Q4<>""),NOT(ISNUMBER(SEARCH(", "&'Campaign Calendar'!$Q4&", ",", "&GE3&", ")))),IF(GE3="","",", ")&'Campaign Calendar'!$Q4,"") | GF4: =GF3&IF(AND(AND('Campaign Calendar'!$C4=Snapshot!$A$19,'Campaign Calendar'!$D4=Snapshot!$B$2,'Campaign Calendar'!K4="X",'Campaign Calendar'!$Q4<>""),NOT(ISNUMBER(SEARCH(", "&'Campaign Calendar'!$Q4&", ",", "&GF3&", ")))),IF(GF3="","",", ")&'Campaign Calendar'!$Q4,"") | GG4: =GG3&IF(AND(AND('Campaign Calendar'!$C4=Snapshot!$A$19,'Campaign Calendar'!$D4=Snapshot!$B$2,'Campaign Calendar'!L4="X",'Campaign Calendar'!$Q4<>""),NOT(ISNUMBER(SEARCH(", "&'Campaign Calendar'!$Q4&", ",", "&GG3&", ")))),IF(GG3="","",", ")&'Campaign Calendar'!$Q4,"") | ... GK4: =GK3&IF(AND(AND('Campaign Calendar'!$C4=Snapshot!$A$19,'Campaign Calendar'!$D4=Snapshot!$B$2,'Campaign Calendar'!P4="X",'Campaign Calendar'!$Q4<>""),NOT(ISNUMBER(SEARCH(", "&'Campaign Calendar'!$Q4&", ",", "&GK3&", ")))),IF(GK3="","",", ")&'Campaign Calendar'!$Q4,"") | GL4: =GL3&IF(AND(AND('Campaign Calendar'!$C4=Snapshot!$A$20,'Campaign Calendar'!$D4=Snapshot!$B$2,'Campaign Calendar'!E4="X",'Campaign Calendar'!$Q4<>""),NOT(ISNUMBER(SEARCH(", "&'Campaign Calendar'!$Q4&", ",", "&GL3&", ")))),IF(GL3="","",", ")&'Campaign Calendar'!$Q4,"") | GM4: =GM3&IF(AND(AND('Campaign Calendar'!$C4=Snapshot!$A$20,'Campaign Calendar'!$D4=Snapshot!$B$2,'Campaign Calendar'!F4="X",'Campaign Calendar'!$Q4<>""),NOT(ISNUMBER(SEARCH(", "&'Campaign Calendar'!$Q4&", ",", "&GM3&", ")))),IF(GM3="","",", ")&'Campaign Calendar'!$Q4,"") | GN4: =GN3&IF(AND(AND('Campaign Calendar'!$C4=Snapshot!$A$20,'Campaign Calendar'!$D4=Snapshot!$B$2,'Campaign Calendar'!G4="X",'Campaign Calendar'!$Q4<>""),NOT(ISNUMBER(SEARCH(", "&'Campaign Calendar'!$Q4&", ",", "&GN3&", ")))),IF(GN3="","",", ")&'Campaign Calendar'!$Q4,"") | GO4: =GO3&IF(AND(AND('Campaign Calendar'!$C4=Snapshot!$A$20,'Campaign Calendar'!$D4=Snapshot!$B$2,'Campaign Calendar'!H4="X",'Campaign Calendar'!$Q4<>""),NOT(ISNUMBER(SEARCH(", "&'Campaign Calendar'!$Q4&", ",", "&GO3&", ")))),IF(GO3="","",", ")&'Campaign Calendar'!$Q4,"") | GP4: =GP3&IF(AND(AND('Campaign Calendar'!$C4=Snapshot!$A$20,'Campaign Calendar'!$D4=Snapshot!$B$2,'Campaign Calendar'!I4="X",'Campaign Calendar'!$Q4<>""),NOT(ISNUMBER(SEARCH(", "&'Campaign Calendar'!$Q4&", ",", "&GP3&", ")))),IF(GP3="","",", ")&'Campaign Calendar'!$Q4,"") | GQ4: =GQ3&IF(AND(AND('Campaign Calendar'!$C4=Snapshot!$A$20,'Campaign Calendar'!$D4=Snapshot!$B$2,'Campaign Calendar'!J4="X",'Campaign Calendar'!$Q4<>""),NOT(ISNUMBER(SEARCH(", "&'Campaign Calendar'!$Q4&", ",", "&GQ3&", ")))),IF(GQ3="","",", ")&'Campaign Calendar'!$Q4,"") | GR4: =GR3&IF(AND(AND('Campaign Calendar'!$C4=Snapshot!$A$20,'Campaign Calendar'!$D4=Snapshot!$B$2,'Campaign Calendar'!K4="X",'Campaign Calendar'!$Q4<>""),NOT(ISNUMBER(SEARCH(", "&'Campaign Calendar'!$Q4&", ",", "&GR3&", ")))),IF(GR3="","",", ")&'Campaign Calendar'!$Q4,"") | GS4: =GS3&IF(AND(AND('Campaign Calendar'!$C4=Snapshot!$A$20,'Campaign Calendar'!$D4=Snapshot!$B$2,'Campaign Calendar'!L4="X",'Campaign Calendar'!$Q4<>""),NOT(ISNUMBER(SEARCH(", "&'Campaign Calendar'!$Q4&", ",", "&GS3&", ")))),IF(GS3="","",", ")&'Campaign Calendar'!$Q4,"") | ... GW4: =GW3&IF(AND(AND('Campaign Calendar'!$C4=Snapshot!$A$20,'Campaign Calendar'!$D4=Snapshot!$B$2,'Campaign Calendar'!P4="X",'Campaign Calendar'!$Q4<>""),NOT(ISNUMBER(SEARCH(", "&'Campaign Calendar'!$Q4&", ",", "&GW3&", ")))),IF(GW3="","",", ")&'Campaign Calendar'!$Q4,"") | GX4: =GX3&IF(AND(AND('Campaign Calendar'!$C4=Snapshot!$A$21,'Campaign Calendar'!$D4=Snapshot!$B$2,'Campaign Calendar'!E4="X",'Campaign Calendar'!$Q4<>""),NOT(ISNUMBER(SEARCH(", "&'Campaign Calendar'!$Q4&", ",", "&GX3&", ")))),IF(GX3="","",", ")&'Campaign Calendar'!$Q4,"") | GY4: =GY3&IF(AND(AND('Campaign Calendar'!$C4=Snapshot!$A$21,'Campaign Calendar'!$D4=Snapshot!$B$2,'Campaign Calendar'!F4="X",'Campaign Calendar'!$Q4<>""),NOT(ISNUMBER(SEARCH(", "&'Campaign Calendar'!$Q4&", ",", "&GY3&", ")))),IF(GY3="","",", ")&'Campaign Calendar'!$Q4,"") | GZ4: =GZ3&IF(AND(AND('Campaign Calendar'!$C4=Snapshot!$A$21,'Campaign Calendar'!$D4=Snapshot!$B$2,'Campaign Calendar'!G4="X",'Campaign Calendar'!$Q4<>""),NOT(ISNUMBER(SEARCH(", "&'Campaign Calendar'!$Q4&", ",", "&GZ3&", ")))),IF(GZ3="","",", ")&'Campaign Calendar'!$Q4,"") | HA4: =HA3&IF(AND(AND('Campaign Calendar'!$C4=Snapshot!$A$21,'Campaign Calendar'!$D4=Snapshot!$B$2,'Campaign Calendar'!H4="X",'Campaign Calendar'!$Q4<>""),NOT(ISNUMBER(SEARCH(", "&'Campaign Calendar'!$Q4&", ",", "&HA3&", ")))),IF(HA3="","",", ")&'Campaign Calendar'!$Q4,"") | HB4: =HB3&IF(AND(AND('Campaign Calendar'!$C4=Snapshot!$A$21,'Campaign Calendar'!$D4=Snapshot!$B$2,'Campaign Calendar'!I4="X",'Campaign Calendar'!$Q4<>""),NOT(ISNUMBER(SEARCH(", "&'Campaign Calendar'!$Q4&", ",", "&HB3&", ")))),IF(HB3="","",", ")&'Campaign Calendar'!$Q4,"") | HC4: =HC3&IF(AND(AND('Campaign Calendar'!$C4=Snapshot!$A$21,'Campaign Calendar'!$D4=Snapshot!$B$2,'Campaign Calendar'!J4="X",'Campaign Calendar'!$Q4<>""),NOT(ISNUMBER(SEARCH(", "&'Campaign Calendar'!$Q4&", ",", "&HC3&", ")))),IF(HC3="","",", ")&'Campaign Calendar'!$Q4,"") | HD4: =HD3&IF(AND(AND('Campaign Calendar'!$C4=Snapshot!$A$21,'Campaign Calendar'!$D4=Snapshot!$B$2,'Campaign Calendar'!K4="X",'Campaign Calendar'!$Q4<>""),NOT(ISNUMBER(SEARCH(", "&'Campaign Calendar'!$Q4&", ",", "&HD3&", ")))),IF(HD3="","",", ")&'Campaign Calendar'!$Q4,"") | HE4: =HE3&IF(AND(AND('Campaign Calendar'!$C4=Snapshot!$A$21,'Campaign Calendar'!$D4=Snapshot!$B$2,'Campaign Calendar'!L4="X",'Campaign Calendar'!$Q4<>""),NOT(ISNUMBER(SEARCH(", "&'Campaign Calendar'!$Q4&", ",", "&HE3&", ")))),IF(HE3="","",", ")&'Campaign Calendar'!$Q4,"") | ... HI4: =HI3&IF(AND(AND('Campaign Calendar'!$C4=Snapshot!$A$21,'Campaign Calendar'!$D4=Snapshot!$B$2,'Campaign Calendar'!P4="X",'Campaign Calendar'!$Q4<>""),NOT(ISNUMBER(SEARCH(", "&'Campaign Calendar'!$Q4&", ",", "&HI3&", ")))),IF(HI3="","",", ")&'Campaign Calendar'!$Q4,"")
B5: =B4&IF(AND(AND('Campaign Calendar'!$C5=Snapshot!$A$4,'Campaign Calendar'!$D5=Snapshot!$B$2,'Campaign Calendar'!E5="X",'Campaign Calendar'!$Q5<>""),NOT(ISNUMBER(SEARCH(", "&'Campaign Calendar'!$Q5&", ",", "&B4&", ")))),IF(B4="","",", ")&'Campaign Calendar'!$Q5,"") | C5: =C4&IF(AND(AND('Campaign Calendar'!$C5=Snapshot!$A$4,'Campaign Calendar'!$D5=Snapshot!$B$2,'Campaign Calendar'!F5="X",'Campaign Calendar'!$Q5<>""),NOT(ISNUMBER(SEARCH(", "&'Campaign Calendar'!$Q5&", ",", "&C4&", ")))),IF(C4="","",", ")&'Campaign Calendar'!$Q5,"") | D5: =D4&IF(AND(AND('Campaign Calendar'!$C5=Snapshot!$A$4,'Campaign Calendar'!$D5=Snapshot!$B$2,'Campaign Calendar'!G5="X",'Campaign Calendar'!$Q5<>""),NOT(ISNUMBER(SEARCH(", "&'Campaign Calendar'!$Q5&", ",", "&D4&", ")))),IF(D4="","",", ")&'Campaign Calendar'!$Q5,"") | E5: =E4&IF(AND(AND('Campaign Calendar'!$C5=Snapshot!$A$4,'Campaign Calendar'!$D5=Snapshot!$B$2,'Campaign Calendar'!H5="X",'Campaign Calendar'!$Q5<>""),NOT(ISNUMBER(SEARCH(", "&'Campaign Calendar'!$Q5&", ",", "&E4&", ")))),IF(E4="","",", ")&'Campaign Calendar'!$Q5,"") | F5: =F4&IF(AND(AND('Campaign Calendar'!$C5=Snapshot!$A$4,'Campaign Calendar'!$D5=Snapshot!$B$2,'Campaign Calendar'!I5="X",'Campaign Calendar'!$Q5<>""),NOT(ISNUMBER(SEARCH(", "&'Campaign Calendar'!$Q5&", ",", "&F4&", ")))),IF(F4="","",", ")&'Campaign Calendar'!$Q5,"") | G5: =G4&IF(AND(AND('Campaign Calendar'!$C5=Snapshot!$A$4,'Campaign Calendar'!$D5=Snapshot!$B$2,'Campaign Calendar'!J5="X",'Campaign Calendar'!$Q5<>""),NOT(ISNUMBER(SEARCH(", "&'Campaign Calendar'!$Q5&", ",", "&G4&", ")))),IF(G4="","",", ")&'Campaign Calendar'!$Q5,"") | H5: =H4&IF(AND(AND('Campaign Calendar'!$C5=Snapshot!$A$4,'Campaign Calendar'!$D5=Snapshot!$B$2,'Campaign Calendar'!K5="X",'Campaign Calendar'!$Q5<>""),NOT(ISNUMBER(SEARCH(", "&'Campaign Calendar'!$Q5&", ",", "&H4&", ")))),IF(H4="","",", ")&'Campaign Calendar'!$Q5,"") | I5: =I4&IF(AND(AND('Campaign Calendar'!$C5=Snapshot!$A$4,'Campaign Calendar'!$D5=Snapshot!$B$2,'Campaign Calendar'!L5="X",'Campaign Calendar'!$Q5<>""),NOT(ISNUMBER(SEARCH(", "&'Campaign Calendar'!$Q5&", ",", "&I4&", ")))),IF(I4="","",", ")&'Campaign Calendar'!$Q5,"") | ... M5: =M4&IF(AND(AND('Campaign Calendar'!$C5=Snapshot!$A$4,'Campaign Calendar'!$D5=Snapshot!$B$2,'Campaign Calendar'!P5="X",'Campaign Calendar'!$Q5<>""),NOT(ISNUMBER(SEARCH(", "&'Campaign Calendar'!$Q5&", ",", "&M4&", ")))),IF(M4="","",", ")&'Campaign Calendar'!$Q5,"") | N5: =N4&IF(AND(AND('Campaign Calendar'!$C5=Snapshot!$A$5,'Campaign Calendar'!$D5=Snapshot!$B$2,'Campaign Calendar'!E5="X",'Campaign Calendar'!$Q5<>""),NOT(ISNUMBER(SEARCH(", "&'Campaign Calendar'!$Q5&", ",", "&N4&", ")))),IF(N4="","",", ")&'Campaign Calendar'!$Q5,"") | O5: =O4&IF(AND(AND('Campaign Calendar'!$C5=Snapshot!$A$5,'Campaign Calendar'!$D5=Snapshot!$B$2,'Campaign Calendar'!F5="X",'Campaign Calendar'!$Q5<>""),NOT(ISNUMBER(SEARCH(", "&'Campaign Calendar'!$Q5&", ",", "&O4&", ")))),IF(O4="","",", ")&'Campaign Calendar'!$Q5,"") | P5: =P4&IF(AND(AND('Campaign Calendar'!$C5=Snapshot!$A$5,'Campaign Calendar'!$D5=Snapshot!$B$2,'Campaign Calendar'!G5="X",'Campaign Calendar'!$Q5<>""),NOT(ISNUMBER(SEARCH(", "&'Campaign Calendar'!$Q5&", ",", "&P4&", ")))),IF(P4="","",", ")&'Campaign Calendar'!$Q5,"") | Q5: =Q4&IF(AND(AND('Campaign Calendar'!$C5=Snapshot!$A$5,'Campaign Calendar'!$D5=Snapshot!$B$2,'Campaign Calendar'!H5="X",'Campaign Calendar'!$Q5<>""),NOT(ISNUMBER(SEARCH(", "&'Campaign Calendar'!$Q5&", ",", "&Q4&", ")))),IF(Q4="","",", ")&'Campaign Calendar'!$Q5,"") | R5: =R4&IF(AND(AND('Campaign Calendar'!$C5=Snapshot!$A$5,'Campaign Calendar'!$D5=Snapshot!$B$2,'Campaign Calendar'!I5="X",'Campaign Calendar'!$Q5<>""),NOT(ISNUMBER(SEARCH(", "&'Campaign Calendar'!$Q5&", ",", "&R4&", ")))),IF(R4="","",", ")&'Campaign Calendar'!$Q5,"") | S5: =S4&IF(AND(AND('Campaign Calendar'!$C5=Snapshot!$A$5,'Campaign Calendar'!$D5=Snapshot!$B$2,'Campaign Calendar'!J5="X",'Campaign Calendar'!$Q5<>""),NOT(ISNUMBER(SEARCH(", "&'Campaign Calendar'!$Q5&", ",", "&S4&", ")))),IF(S4="","",", ")&'Campaign Calendar'!$Q5,"") | T5: =T4&IF(AND(AND('Campaign Calendar'!$C5=Snapshot!$A$5,'Campaign Calendar'!$D5=Snapshot!$B$2,'Campaign Calendar'!K5="X",'Campaign Calendar'!$Q5<>""),NOT(ISNUMBER(SEARCH(", "&'Campaign Calendar'!$Q5&", ",", "&T4&", ")))),IF(T4="","",", ")&'Campaign Calendar'!$Q5,"") | U5: =U4&IF(AND(AND('Campaign Calendar'!$C5=Snapshot!$A$5,'Campaign Calendar'!$D5=Snapshot!$B$2,'Campaign Calendar'!L5="X",'Campaign Calendar'!$Q5<>""),NOT(ISNUMBER(SEARCH(", "&'Campaign Calendar'!$Q5&", ",", "&U4&", ")))),IF(U4="","",", ")&'Campaign Calendar'!$Q5,"") | ... Y5: =Y4&IF(AND(AND('Campaign Calendar'!$C5=Snapshot!$A$5,'Campaign Calendar'!$D5=Snapshot!$B$2,'Campaign Calendar'!P5="X",'Campaign Calendar'!$Q5<>""),NOT(ISNUMBER(SEARCH(", "&'Campaign Calendar'!$Q5&", ",", "&Y4&", ")))),IF(Y4="","",", ")&'Campaign Calendar'!$Q5,"") | Z5: =Z4&IF(AND(AND('Campaign Calendar'!$C5=Snapshot!$A$6,'Campaign Calendar'!$D5=Snapshot!$B$2,'Campaign Calendar'!E5="X",'Campaign Calendar'!$Q5<>""),NOT(ISNUMBER(SEARCH(", "&'Campaign Calendar'!$Q5&", ",", "&Z4&", ")))),IF(Z4="","",", ")&'Campaign Calendar'!$Q5,"") | AA5: =AA4&IF(AND(AND('Campaign Calendar'!$C5=Snapshot!$A$6,'Campaign Calendar'!$D5=Snapshot!$B$2,'Campaign Calendar'!F5="X",'Campaign Calendar'!$Q5<>""),NOT(ISNUMBER(SEARCH(", "&'Campaign Calendar'!$Q5&", ",", "&AA4&", ")))),IF(AA4="","",", ")&'Campaign Calendar'!$Q5,"") | AB5: =AB4&IF(AND(AND('Campaign Calendar'!$C5=Snapshot!$A$6,'Campaign Calendar'!$D5=Snapshot!$B$2,'Campaign Calendar'!G5="X",'Campaign Calendar'!$Q5<>""),NOT(ISNUMBER(SEARCH(", "&'Campaign Calendar'!$Q5&", ",", "&AB4&", ")))),IF(AB4="","",", ")&'Campaign Calendar'!$Q5,"") | AC5: =AC4&IF(AND(AND('Campaign Calendar'!$C5=Snapshot!$A$6,'Campaign Calendar'!$D5=Snapshot!$B$2,'Campaign Calendar'!H5="X",'Campaign Calendar'!$Q5<>""),NOT(ISNUMBER(SEARCH(", "&'Campaign Calendar'!$Q5&", ",", "&AC4&", ")))),IF(AC4="","",", ")&'Campaign Calendar'!$Q5,"") | AD5: =AD4&IF(AND(AND('Campaign Calendar'!$C5=Snapshot!$A$6,'Campaign Calendar'!$D5=Snapshot!$B$2,'Campaign Calendar'!I5="X",'Campaign Calendar'!$Q5<>""),NOT(ISNUMBER(SEARCH(", "&'Campaign Calendar'!$Q5&", ",", "&AD4&", ")))),IF(AD4="","",", ")&'Campaign Calendar'!$Q5,"") | AE5: =AE4&IF(AND(AND('Campaign Calendar'!$C5=Snapshot!$A$6,'Campaign Calendar'!$D5=Snapshot!$B$2,'Campaign Calendar'!J5="X",'Campaign Calendar'!$Q5<>""),NOT(ISNUMBER(SEARCH(", "&'Campaign Calendar'!$Q5&", ",", "&AE4&", ")))),IF(AE4="","",", ")&'Campaign Calendar'!$Q5,"") | AF5: =AF4&IF(AND(AND('Campaign Calendar'!$C5=Snapshot!$A$6,'Campaign Calendar'!$D5=Snapshot!$B$2,'Campaign Calendar'!K5="X",'Campaign Calendar'!$Q5<>""),NOT(ISNUMBER(SEARCH(", "&'Campaign Calendar'!$Q5&", ",", "&AF4&", ")))),IF(AF4="","",", ")&'Campaign Calendar'!$Q5,"") | AG5: =AG4&IF(AND(AND('Campaign Calendar'!$C5=Snapshot!$A$6,'Campaign Calendar'!$D5=Snapshot!$B$2,'Campaign Calendar'!L5="X",'Campaign Calendar'!$Q5<>""),NOT(ISNUMBER(SEARCH(", "&'Campaign Calendar'!$Q5&", ",", "&AG4&", ")))),IF(AG4="","",", ")&'Campaign Calendar'!$Q5,"") | ... AK5: =AK4&IF(AND(AND('Campaign Calendar'!$C5=Snapshot!$A$6,'Campaign Calendar'!$D5=Snapshot!$B$2,'Campaign Calendar'!P5="X",'Campaign Calendar'!$Q5<>""),NOT(ISNUMBER(SEARCH(", "&'Campaign Calendar'!$Q5&", ",", "&AK4&", ")))),IF(AK4="","",", ")&'Campaign Calendar'!$Q5,"") | AL5: =AL4&IF(AND(AND('Campaign Calendar'!$C5=Snapshot!$A$7,'Campaign Calendar'!$D5=Snapshot!$B$2,'Campaign Calendar'!E5="X",'Campaign Calendar'!$Q5<>""),NOT(ISNUMBER(SEARCH(", "&'Campaign Calendar'!$Q5&", ",", "&AL4&", ")))),IF(AL4="","",", ")&'Campaign Calendar'!$Q5,"") | AM5: =AM4&IF(AND(AND('Campaign Calendar'!$C5=Snapshot!$A$7,'Campaign Calendar'!$D5=Snapshot!$B$2,'Campaign Calendar'!F5="X",'Campaign Calendar'!$Q5<>""),NOT(ISNUMBER(SEARCH(", "&'Campaign Calendar'!$Q5&", ",", "&AM4&", ")))),IF(AM4="","",", ")&'Campaign Calendar'!$Q5,"") | AN5: =AN4&IF(AND(AND('Campaign Calendar'!$C5=Snapshot!$A$7,'Campaign Calendar'!$D5=Snapshot!$B$2,'Campaign Calendar'!G5="X",'Campaign Calendar'!$Q5<>""),NOT(ISNUMBER(SEARCH(", "&'Campaign Calendar'!$Q5&", ",", "&AN4&", ")))),IF(AN4="","",", ")&'Campaign Calendar'!$Q5,"") | AO5: =AO4&IF(AND(AND('Campaign Calendar'!$C5=Snapshot!$A$7,'Campaign Calendar'!$D5=Snapshot!$B$2,'Campaign Calendar'!H5="X",'Campaign Calendar'!$Q5<>""),NOT(ISNUMBER(SEARCH(", "&'Campaign Calendar'!$Q5&", ",", "&AO4&", ")))),IF(AO4="","",", ")&'Campaign Calendar'!$Q5,"") | AP5: =AP4&IF(AND(AND('Campaign Calendar'!$C5=Snapshot!$A$7,'Campaign Calendar'!$D5=Snapshot!$B$2,'Campaign Calendar'!I5="X",'Campaign Calendar'!$Q5<>""),NOT(ISNUMBER(SEARCH(", "&'Campaign Calendar'!$Q5&", ",", "&AP4&", ")))),IF(AP4="","",", ")&'Campaign Calendar'!$Q5,"") | AQ5: =AQ4&IF(AND(AND('Campaign Calendar'!$C5=Snapshot!$A$7,'Campaign Calendar'!$D5=Snapshot!$B$2,'Campaign Calendar'!J5="X",'Campaign Calendar'!$Q5<>""),NOT(ISNUMBER(SEARCH(", "&'Campaign Calendar'!$Q5&", ",", "&AQ4&", ")))),IF(AQ4="","",", ")&'Campaign Calendar'!$Q5,"") | AR5: =AR4&IF(AND(AND('Campaign Calendar'!$C5=Snapshot!$A$7,'Campaign Calendar'!$D5=Snapshot!$B$2,'Campaign Calendar'!K5="X",'Campaign Calendar'!$Q5<>""),NOT(ISNUMBER(SEARCH(", "&'Campaign Calendar'!$Q5&", ",", "&AR4&", ")))),IF(AR4="","",", ")&'Campaign Calendar'!$Q5,"") | AS5: =AS4&IF(AND(AND('Campaign Calendar'!$C5=Snapshot!$A$7,'Campaign Calendar'!$D5=Snapshot!$B$2,'Campaign Calendar'!L5="X",'Campaign Calendar'!$Q5<>""),NOT(ISNUMBER(SEARCH(", "&'Campaign Calendar'!$Q5&", ",", "&AS4&", ")))),IF(AS4="","",", ")&'Campaign Calendar'!$Q5,"") | ... AW5: =AW4&IF(AND(AND('Campaign Calendar'!$C5=Snapshot!$A$7,'Campaign Calendar'!$D5=Snapshot!$B$2,'Campaign Calendar'!P5="X",'Campaign Calendar'!$Q5<>""),NOT(ISNUMBER(SEARCH(", "&'Campaign Calendar'!$Q5&", ",", "&AW4&", ")))),IF(AW4="","",", ")&'Campaign Calendar'!$Q5,"") | AX5: =AX4&IF(AND(AND('Campaign Calendar'!$C5=Snapshot!$A$8,'Campaign Calendar'!$D5=Snapshot!$B$2,'Campaign Calendar'!E5="X",'Campaign Calendar'!$Q5<>""),NOT(ISNUMBER(SEARCH(", "&'Campaign Calendar'!$Q5&", ",", "&AX4&", ")))),IF(AX4="","",", ")&'Campaign Calendar'!$Q5,"") | AY5: =AY4&IF(AND(AND('Campaign Calendar'!$C5=Snapshot!$A$8,'Campaign Calendar'!$D5=Snapshot!$B$2,'Campaign Calendar'!F5="X",'Campaign Calendar'!$Q5<>""),NOT(ISNUMBER(SEARCH(", "&'Campaign Calendar'!$Q5&", ",", "&AY4&", ")))),IF(AY4="","",", ")&'Campaign Calendar'!$Q5,"") | AZ5: =AZ4&IF(AND(AND('Campaign Calendar'!$C5=Snapshot!$A$8,'Campaign Calendar'!$D5=Snapshot!$B$2,'Campaign Calendar'!G5="X",'Campaign Calendar'!$Q5<>""),NOT(ISNUMBER(SEARCH(", "&'Campaign Calendar'!$Q5&", ",", "&AZ4&", ")))),IF(AZ4="","",", ")&'Campaign Calendar'!$Q5,"") | BA5: =BA4&IF(AND(AND('Campaign Calendar'!$C5=Snapshot!$A$8,'Campaign Calendar'!$D5=Snapshot!$B$2,'Campaign Calendar'!H5="X",'Campaign Calendar'!$Q5<>""),NOT(ISNUMBER(SEARCH(", "&'Campaign Calendar'!$Q5&", ",", "&BA4&", ")))),IF(BA4="","",", ")&'Campaign Calendar'!$Q5,"") | BB5: =BB4&IF(AND(AND('Campaign Calendar'!$C5=Snapshot!$A$8,'Campaign Calendar'!$D5=Snapshot!$B$2,'Campaign Calendar'!I5="X",'Campaign Calendar'!$Q5<>""),NOT(ISNUMBER(SEARCH(", "&'Campaign Calendar'!$Q5&", ",", "&BB4&", ")))),IF(BB4="","",", ")&'Campaign Calendar'!$Q5,"") | BC5: =BC4&IF(AND(AND('Campaign Calendar'!$C5=Snapshot!$A$8,'Campaign Calendar'!$D5=Snapshot!$B$2,'Campaign Calendar'!J5="X",'Campaign Calendar'!$Q5<>""),NOT(ISNUMBER(SEARCH(", "&'Campaign Calendar'!$Q5&", ",", "&BC4&", ")))),IF(BC4="","",", ")&'Campaign Calendar'!$Q5,"") | BD5: =BD4&IF(AND(AND('Campaign Calendar'!$C5=Snapshot!$A$8,'Campaign Calendar'!$D5=Snapshot!$B$2,'Campaign Calendar'!K5="X",'Campaign Calendar'!$Q5<>""),NOT(ISNUMBER(SEARCH(", "&'Campaign Calendar'!$Q5&", ",", "&BD4&", ")))),IF(BD4="","",", ")&'Campaign Calendar'!$Q5,"") | BE5: =BE4&IF(AND(AND('Campaign Calendar'!$C5=Snapshot!$A$8,'Campaign Calendar'!$D5=Snapshot!$B$2,'Campaign Calendar'!L5="X",'Campaign Calendar'!$Q5<>""),NOT(ISNUMBER(SEARCH(", "&'Campaign Calendar'!$Q5&", ",", "&BE4&", ")))),IF(BE4="","",", ")&'Campaign Calendar'!$Q5,"") | ... BI5: =BI4&IF(AND(AND('Campaign Calendar'!$C5=Snapshot!$A$8,'Campaign Calendar'!$D5=Snapshot!$B$2,'Campaign Calendar'!P5="X",'Campaign Calendar'!$Q5<>""),NOT(ISNUMBER(SEARCH(", "&'Campaign Calendar'!$Q5&", ",", "&BI4&", ")))),IF(BI4="","",", ")&'Campaign Calendar'!$Q5,"") | BJ5: =BJ4&IF(AND(AND('Campaign Calendar'!$C5=Snapshot!$A$9,'Campaign Calendar'!$D5=Snapshot!$B$2,'Campaign Calendar'!E5="X",'Campaign Calendar'!$Q5<>""),NOT(ISNUMBER(SEARCH(", "&'Campaign Calendar'!$Q5&", ",", "&BJ4&", ")))),IF(BJ4="","",", ")&'Campaign Calendar'!$Q5,"") | BK5: =BK4&IF(AND(AND('Campaign Calendar'!$C5=Snapshot!$A$9,'Campaign Calendar'!$D5=Snapshot!$B$2,'Campaign Calendar'!F5="X",'Campaign Calendar'!$Q5<>""),NOT(ISNUMBER(SEARCH(", "&'Campaign Calendar'!$Q5&", ",", "&BK4&", ")))),IF(BK4="","",", ")&'Campaign Calendar'!$Q5,"") | BL5: =BL4&IF(AND(AND('Campaign Calendar'!$C5=Snapshot!$A$9,'Campaign Calendar'!$D5=Snapshot!$B$2,'Campaign Calendar'!G5="X",'Campaign Calendar'!$Q5<>""),NOT(ISNUMBER(SEARCH(", "&'Campaign Calendar'!$Q5&", ",", "&BL4&", ")))),IF(BL4="","",", ")&'Campaign Calendar'!$Q5,"") | BM5: =BM4&IF(AND(AND('Campaign Calendar'!$C5=Snapshot!$A$9,'Campaign Calendar'!$D5=Snapshot!$B$2,'Campaign Calendar'!H5="X",'Campaign Calendar'!$Q5<>""),NOT(ISNUMBER(SEARCH(", "&'Campaign Calendar'!$Q5&", ",", "&BM4&", ")))),IF(BM4="","",", ")&'Campaign Calendar'!$Q5,"") | BN5: =BN4&IF(AND(AND('Campaign Calendar'!$C5=Snapshot!$A$9,'Campaign Calendar'!$D5=Snapshot!$B$2,'Campaign Calendar'!I5="X",'Campaign Calendar'!$Q5<>""),NOT(ISNUMBER(SEARCH(", "&'Campaign Calendar'!$Q5&", ",", "&BN4&", ")))),IF(BN4="","",", ")&'Campaign Calendar'!$Q5,"") | BO5: =BO4&IF(AND(AND('Campaign Calendar'!$C5=Snapshot!$A$9,'Campaign Calendar'!$D5=Snapshot!$B$2,'Campaign Calendar'!J5="X",'Campaign Calendar'!$Q5<>""),NOT(ISNUMBER(SEARCH(", "&'Campaign Calendar'!$Q5&", ",", "&BO4&", ")))),IF(BO4="","",", ")&'Campaign Calendar'!$Q5,"") | BP5: =BP4&IF(AND(AND('Campaign Calendar'!$C5=Snapshot!$A$9,'Campaign Calendar'!$D5=Snapshot!$B$2,'Campaign Calendar'!K5="X",'Campaign Calendar'!$Q5<>""),NOT(ISNUMBER(SEARCH(", "&'Campaign Calendar'!$Q5&", ",", "&BP4&", ")))),IF(BP4="","",", ")&'Campaign Calendar'!$Q5,"") | BQ5: =BQ4&IF(AND(AND('Campaign Calendar'!$C5=Snapshot!$A$9,'Campaign Calendar'!$D5=Snapshot!$B$2,'Campaign Calendar'!L5="X",'Campaign Calendar'!$Q5<>""),NOT(ISNUMBER(SEARCH(", "&'Campaign Calendar'!$Q5&", ",", "&BQ4&", ")))),IF(BQ4="","",", ")&'Campaign Calendar'!$Q5,"") | ... BU5: =BU4&IF(AND(AND('Campaign Calendar'!$C5=Snapshot!$A$9,'Campaign Calendar'!$D5=Snapshot!$B$2,'Campaign Calendar'!P5="X",'Campaign Calendar'!$Q5<>""),NOT(ISNUMBER(SEARCH(", "&'Campaign Calendar'!$Q5&", ",", "&BU4&", ")))),IF(BU4="","",", ")&'Campaign Calendar'!$Q5,"") | BV5: =BV4&IF(AND(AND('Campaign Calendar'!$C5=Snapshot!$A$10,'Campaign Calendar'!$D5=Snapshot!$B$2,'Campaign Calendar'!E5="X",'Campaign Calendar'!$Q5<>""),NOT(ISNUMBER(SEARCH(", "&'Campaign Calendar'!$Q5&", ",", "&BV4&", ")))),IF(BV4="","",", ")&'Campaign Calendar'!$Q5,"") | BW5: =BW4&IF(AND(AND('Campaign Calendar'!$C5=Snapshot!$A$10,'Campaign Calendar'!$D5=Snapshot!$B$2,'Campaign Calendar'!F5="X",'Campaign Calendar'!$Q5<>""),NOT(ISNUMBER(SEARCH(", "&'Campaign Calendar'!$Q5&", ",", "&BW4&", ")))),IF(BW4="","",", ")&'Campaign Calendar'!$Q5,"") | BX5: =BX4&IF(AND(AND('Campaign Calendar'!$C5=Snapshot!$A$10,'Campaign Calendar'!$D5=Snapshot!$B$2,'Campaign Calendar'!G5="X",'Campaign Calendar'!$Q5<>""),NOT(ISNUMBER(SEARCH(", "&'Campaign Calendar'!$Q5&", ",", "&BX4&", ")))),IF(BX4="","",", ")&'Campaign Calendar'!$Q5,"") | BY5: =BY4&IF(AND(AND('Campaign Calendar'!$C5=Snapshot!$A$10,'Campaign Calendar'!$D5=Snapshot!$B$2,'Campaign Calendar'!H5="X",'Campaign Calendar'!$Q5<>""),NOT(ISNUMBER(SEARCH(", "&'Campaign Calendar'!$Q5&", ",", "&BY4&", ")))),IF(BY4="","",", ")&'Campaign Calendar'!$Q5,"") | BZ5: =BZ4&IF(AND(AND('Campaign Calendar'!$C5=Snapshot!$A$10,'Campaign Calendar'!$D5=Snapshot!$B$2,'Campaign Calendar'!I5="X",'Campaign Calendar'!$Q5<>""),NOT(ISNUMBER(SEARCH(", "&'Campaign Calendar'!$Q5&", ",", "&BZ4&", ")))),IF(BZ4="","",", ")&'Campaign Calendar'!$Q5,"") | CA5: =CA4&IF(AND(AND('Campaign Calendar'!$C5=Snapshot!$A$10,'Campaign Calendar'!$D5=Snapshot!$B$2,'Campaign Calendar'!J5="X",'Campaign Calendar'!$Q5<>""),NOT(ISNUMBER(SEARCH(", "&'Campaign Calendar'!$Q5&", ",", "&CA4&", ")))),IF(CA4="","",", ")&'Campaign Calendar'!$Q5,"") | CB5: =CB4&IF(AND(AND('Campaign Calendar'!$C5=Snapshot!$A$10,'Campaign Calendar'!$D5=Snapshot!$B$2,'Campaign Calendar'!K5="X",'Campaign Calendar'!$Q5<>""),NOT(ISNUMBER(SEARCH(", "&'Campaign Calendar'!$Q5&", ",", "&CB4&", ")))),IF(CB4="","",", ")&'Campaign Calendar'!$Q5,"") | CC5: =CC4&IF(AND(AND('Campaign Calendar'!$C5=Snapshot!$A$10,'Campaign Calendar'!$D5=Snapshot!$B$2,'Campaign Calendar'!L5="X",'Campaign Calendar'!$Q5<>""),NOT(ISNUMBER(SEARCH(", "&'Campaign Calendar'!$Q5&", ",", "&CC4&", ")))),IF(CC4="","",", ")&'Campaign Calendar'!$Q5,"") | ... CG5: =CG4&IF(AND(AND('Campaign Calendar'!$C5=Snapshot!$A$10,'Campaign Calendar'!$D5=Snapshot!$B$2,'Campaign Calendar'!P5="X",'Campaign Calendar'!$Q5<>""),NOT(ISNUMBER(SEARCH(", "&'Campaign Calendar'!$Q5&", ",", "&CG4&", ")))),IF(CG4="","",", ")&'Campaign Calendar'!$Q5,"") | CH5: =CH4&IF(AND(AND('Campaign Calendar'!$C5=Snapshot!$A$11,'Campaign Calendar'!$D5=Snapshot!$B$2,'Campaign Calendar'!E5="X",'Campaign Calendar'!$Q5<>""),NOT(ISNUMBER(SEARCH(", "&'Campaign Calendar'!$Q5&", ",", "&CH4&", ")))),IF(CH4="","",", ")&'Campaign Calendar'!$Q5,"") | CI5: =CI4&IF(AND(AND('Campaign Calendar'!$C5=Snapshot!$A$11,'Campaign Calendar'!$D5=Snapshot!$B$2,'Campaign Calendar'!F5="X",'Campaign Calendar'!$Q5<>""),NOT(ISNUMBER(SEARCH(", "&'Campaign Calendar'!$Q5&", ",", "&CI4&", ")))),IF(CI4="","",", ")&'Campaign Calendar'!$Q5,"") | CJ5: =CJ4&IF(AND(AND('Campaign Calendar'!$C5=Snapshot!$A$11,'Campaign Calendar'!$D5=Snapshot!$B$2,'Campaign Calendar'!G5="X",'Campaign Calendar'!$Q5<>""),NOT(ISNUMBER(SEARCH(", "&'Campaign Calendar'!$Q5&", ",", "&CJ4&", ")))),IF(CJ4="","",", ")&'Campaign Calendar'!$Q5,"") | CK5: =CK4&IF(AND(AND('Campaign Calendar'!$C5=Snapshot!$A$11,'Campaign Calendar'!$D5=Snapshot!$B$2,'Campaign Calendar'!H5="X",'Campaign Calendar'!$Q5<>""),NOT(ISNUMBER(SEARCH(", "&'Campaign Calendar'!$Q5&", ",", "&CK4&", ")))),IF(CK4="","",", ")&'Campaign Calendar'!$Q5,"") | CL5: =CL4&IF(AND(AND('Campaign Calendar'!$C5=Snapshot!$A$11,'Campaign Calendar'!$D5=Snapshot!$B$2,'Campaign Calendar'!I5="X",'Campaign Calendar'!$Q5<>""),NOT(ISNUMBER(SEARCH(", "&'Campaign Calendar'!$Q5&", ",", "&CL4&", ")))),IF(CL4="","",", ")&'Campaign Calendar'!$Q5,"") | CM5: =CM4&IF(AND(AND('Campaign Calendar'!$C5=Snapshot!$A$11,'Campaign Calendar'!$D5=Snapshot!$B$2,'Campaign Calendar'!J5="X",'Campaign Calendar'!$Q5<>""),NOT(ISNUMBER(SEARCH(", "&'Campaign Calendar'!$Q5&", ",", "&CM4&", ")))),IF(CM4="","",", ")&'Campaign Calendar'!$Q5,"") | CN5: =CN4&IF(AND(AND('Campaign Calendar'!$C5=Snapshot!$A$11,'Campaign Calendar'!$D5=Snapshot!$B$2,'Campaign Calendar'!K5="X",'Campaign Calendar'!$Q5<>""),NOT(ISNUMBER(SEARCH(", "&'Campaign Calendar'!$Q5&", ",", "&CN4&", ")))),IF(CN4="","",", ")&'Campaign Calendar'!$Q5,"") | CO5: =CO4&IF(AND(AND('Campaign Calendar'!$C5=Snapshot!$A$11,'Campaign Calendar'!$D5=Snapshot!$B$2,'Campaign Calendar'!L5="X",'Campaign Calendar'!$Q5<>""),NOT(ISNUMBER(SEARCH(", "&'Campaign Calendar'!$Q5&", ",", "&CO4&", ")))),IF(CO4="","",", ")&'Campaign Calendar'!$Q5,"") | ... CS5: =CS4&IF(AND(AND('Campaign Calendar'!$C5=Snapshot!$A$11,'Campaign Calendar'!$D5=Snapshot!$B$2,'Campaign Calendar'!P5="X",'Campaign Calendar'!$Q5<>""),NOT(ISNUMBER(SEARCH(", "&'Campaign Calendar'!$Q5&", ",", "&CS4&", ")))),IF(CS4="","",", ")&'Campaign Calendar'!$Q5,"") | CT5: =CT4&IF(AND(AND('Campaign Calendar'!$C5=Snapshot!$A$12,'Campaign Calendar'!$D5=Snapshot!$B$2,'Campaign Calendar'!E5="X",'Campaign Calendar'!$Q5<>""),NOT(ISNUMBER(SEARCH(", "&'Campaign Calendar'!$Q5&", ",", "&CT4&", ")))),IF(CT4="","",", ")&'Campaign Calendar'!$Q5,"") | CU5: =CU4&IF(AND(AND('Campaign Calendar'!$C5=Snapshot!$A$12,'Campaign Calendar'!$D5=Snapshot!$B$2,'Campaign Calendar'!F5="X",'Campaign Calendar'!$Q5<>""),NOT(ISNUMBER(SEARCH(", "&'Campaign Calendar'!$Q5&", ",", "&CU4&", ")))),IF(CU4="","",", ")&'Campaign Calendar'!$Q5,"") | CV5: =CV4&IF(AND(AND('Campaign Calendar'!$C5=Snapshot!$A$12,'Campaign Calendar'!$D5=Snapshot!$B$2,'Campaign Calendar'!G5="X",'Campaign Calendar'!$Q5<>""),NOT(ISNUMBER(SEARCH(", "&'Campaign Calendar'!$Q5&", ",", "&CV4&", ")))),IF(CV4="","",", ")&'Campaign Calendar'!$Q5,"") | CW5: =CW4&IF(AND(AND('Campaign Calendar'!$C5=Snapshot!$A$12,'Campaign Calendar'!$D5=Snapshot!$B$2,'Campaign Calendar'!H5="X",'Campaign Calendar'!$Q5<>""),NOT(ISNUMBER(SEARCH(", "&'Campaign Calendar'!$Q5&", ",", "&CW4&", ")))),IF(CW4="","",", ")&'Campaign Calendar'!$Q5,"") | CX5: =CX4&IF(AND(AND('Campaign Calendar'!$C5=Snapshot!$A$12,'Campaign Calendar'!$D5=Snapshot!$B$2,'Campaign Calendar'!I5="X",'Campaign Calendar'!$Q5<>""),NOT(ISNUMBER(SEARCH(", "&'Campaign Calendar'!$Q5&", ",", "&CX4&", ")))),IF(CX4="","",", ")&'Campaign Calendar'!$Q5,"") | CY5: =CY4&IF(AND(AND('Campaign Calendar'!$C5=Snapshot!$A$12,'Campaign Calendar'!$D5=Snapshot!$B$2,'Campaign Calendar'!J5="X",'Campaign Calendar'!$Q5<>""),NOT(ISNUMBER(SEARCH(", "&'Campaign Calendar'!$Q5&", ",", "&CY4&", ")))),IF(CY4="","",", ")&'Campaign Calendar'!$Q5,"") | CZ5: =CZ4&IF(AND(AND('Campaign Calendar'!$C5=Snapshot!$A$12,'Campaign Calendar'!$D5=Snapshot!$B$2,'Campaign Calendar'!K5="X",'Campaign Calendar'!$Q5<>""),NOT(ISNUMBER(SEARCH(", "&'Campaign Calendar'!$Q5&", ",", "&CZ4&", ")))),IF(CZ4="","",", ")&'Campaign Calendar'!$Q5,"") | DA5: =DA4&IF(AND(AND('Campaign Calendar'!$C5=Snapshot!$A$12,'Campaign Calendar'!$D5=Snapshot!$B$2,'Campaign Calendar'!L5="X",'Campaign Calendar'!$Q5<>""),NOT(ISNUMBER(SEARCH(", "&'Campaign Calendar'!$Q5&", ",", "&DA4&", ")))),IF(DA4="","",", ")&'Campaign Calendar'!$Q5,"") | ... DE5: =DE4&IF(AND(AND('Campaign Calendar'!$C5=Snapshot!$A$12,'Campaign Calendar'!$D5=Snapshot!$B$2,'Campaign Calendar'!P5="X",'Campaign Calendar'!$Q5<>""),NOT(ISNUMBER(SEARCH(", "&'Campaign Calendar'!$Q5&", ",", "&DE4&", ")))),IF(DE4="","",", ")&'Campaign Calendar'!$Q5,"") | DF5: =DF4&IF(AND(AND('Campaign Calendar'!$C5=Snapshot!$A$13,'Campaign Calendar'!$D5=Snapshot!$B$2,'Campaign Calendar'!E5="X",'Campaign Calendar'!$Q5<>""),NOT(ISNUMBER(SEARCH(", "&'Campaign Calendar'!$Q5&", ",", "&DF4&", ")))),IF(DF4="","",", ")&'Campaign Calendar'!$Q5,"") | DG5: =DG4&IF(AND(AND('Campaign Calendar'!$C5=Snapshot!$A$13,'Campaign Calendar'!$D5=Snapshot!$B$2,'Campaign Calendar'!F5="X",'Campaign Calendar'!$Q5<>""),NOT(ISNUMBER(SEARCH(", "&'Campaign Calendar'!$Q5&", ",", "&DG4&", ")))),IF(DG4="","",", ")&'Campaign Calendar'!$Q5,"") | DH5: =DH4&IF(AND(AND('Campaign Calendar'!$C5=Snapshot!$A$13,'Campaign Calendar'!$D5=Snapshot!$B$2,'Campaign Calendar'!G5="X",'Campaign Calendar'!$Q5<>""),NOT(ISNUMBER(SEARCH(", "&'Campaign Calendar'!$Q5&", ",", "&DH4&", ")))),IF(DH4="","",", ")&'Campaign Calendar'!$Q5,"") | DI5: =DI4&IF(AND(AND('Campaign Calendar'!$C5=Snapshot!$A$13,'Campaign Calendar'!$D5=Snapshot!$B$2,'Campaign Calendar'!H5="X",'Campaign Calendar'!$Q5<>""),NOT(ISNUMBER(SEARCH(", "&'Campaign Calendar'!$Q5&", ",", "&DI4&", ")))),IF(DI4="","",", ")&'Campaign Calendar'!$Q5,"") | DJ5: =DJ4&IF(AND(AND('Campaign Calendar'!$C5=Snapshot!$A$13,'Campaign Calendar'!$D5=Snapshot!$B$2,'Campaign Calendar'!I5="X",'Campaign Calendar'!$Q5<>""),NOT(ISNUMBER(SEARCH(", "&'Campaign Calendar'!$Q5&", ",", "&DJ4&", ")))),IF(DJ4="","",", ")&'Campaign Calendar'!$Q5,"") | DK5: =DK4&IF(AND(AND('Campaign Calendar'!$C5=Snapshot!$A$13,'Campaign Calendar'!$D5=Snapshot!$B$2,'Campaign Calendar'!J5="X",'Campaign Calendar'!$Q5<>""),NOT(ISNUMBER(SEARCH(", "&'Campaign Calendar'!$Q5&", ",", "&DK4&", ")))),IF(DK4="","",", ")&'Campaign Calendar'!$Q5,"") | DL5: =DL4&IF(AND(AND('Campaign Calendar'!$C5=Snapshot!$A$13,'Campaign Calendar'!$D5=Snapshot!$B$2,'Campaign Calendar'!K5="X",'Campaign Calendar'!$Q5<>""),NOT(ISNUMBER(SEARCH(", "&'Campaign Calendar'!$Q5&", ",", "&DL4&", ")))),IF(DL4="","",", ")&'Campaign Calendar'!$Q5,"") | DM5: =DM4&IF(AND(AND('Campaign Calendar'!$C5=Snapshot!$A$13,'Campaign Calendar'!$D5=Snapshot!$B$2,'Campaign Calendar'!L5="X",'Campaign Calendar'!$Q5<>""),NOT(ISNUMBER(SEARCH(", "&'Campaign Calendar'!$Q5&", ",", "&DM4&", ")))),IF(DM4="","",", ")&'Campaign Calendar'!$Q5,"") | ... DQ5: =DQ4&IF(AND(AND('Campaign Calendar'!$C5=Snapshot!$A$13,'Campaign Calendar'!$D5=Snapshot!$B$2,'Campaign Calendar'!P5="X",'Campaign Calendar'!$Q5<>""),NOT(ISNUMBER(SEARCH(", "&'Campaign Calendar'!$Q5&", ",", "&DQ4&", ")))),IF(DQ4="","",", ")&'Campaign Calendar'!$Q5,"") | DR5: =DR4&IF(AND(AND('Campaign Calendar'!$C5=Snapshot!$A$14,'Campaign Calendar'!$D5=Snapshot!$B$2,'Campaign Calendar'!E5="X",'Campaign Calendar'!$Q5<>""),NOT(ISNUMBER(SEARCH(", "&'Campaign Calendar'!$Q5&", ",", "&DR4&", ")))),IF(DR4="","",", ")&'Campaign Calendar'!$Q5,"") | DS5: =DS4&IF(AND(AND('Campaign Calendar'!$C5=Snapshot!$A$14,'Campaign Calendar'!$D5=Snapshot!$B$2,'Campaign Calendar'!F5="X",'Campaign Calendar'!$Q5<>""),NOT(ISNUMBER(SEARCH(", "&'Campaign Calendar'!$Q5&", ",", "&DS4&", ")))),IF(DS4="","",", ")&'Campaign Calendar'!$Q5,"") | DT5: =DT4&IF(AND(AND('Campaign Calendar'!$C5=Snapshot!$A$14,'Campaign Calendar'!$D5=Snapshot!$B$2,'Campaign Calendar'!G5="X",'Campaign Calendar'!$Q5<>""),NOT(ISNUMBER(SEARCH(", "&'Campaign Calendar'!$Q5&", ",", "&DT4&", ")))),IF(DT4="","",", ")&'Campaign Calendar'!$Q5,"") | DU5: =DU4&IF(AND(AND('Campaign Calendar'!$C5=Snapshot!$A$14,'Campaign Calendar'!$D5=Snapshot!$B$2,'Campaign Calendar'!H5="X",'Campaign Calendar'!$Q5<>""),NOT(ISNUMBER(SEARCH(", "&'Campaign Calendar'!$Q5&", ",", "&DU4&", ")))),IF(DU4="","",", ")&'Campaign Calendar'!$Q5,"") | DV5: =DV4&IF(AND(AND('Campaign Calendar'!$C5=Snapshot!$A$14,'Campaign Calendar'!$D5=Snapshot!$B$2,'Campaign Calendar'!I5="X",'Campaign Calendar'!$Q5<>""),NOT(ISNUMBER(SEARCH(", "&'Campaign Calendar'!$Q5&", ",", "&DV4&", ")))),IF(DV4="","",", ")&'Campaign Calendar'!$Q5,"") | DW5: =DW4&IF(AND(AND('Campaign Calendar'!$C5=Snapshot!$A$14,'Campaign Calendar'!$D5=Snapshot!$B$2,'Campaign Calendar'!J5="X",'Campaign Calendar'!$Q5<>""),NOT(ISNUMBER(SEARCH(", "&'Campaign Calendar'!$Q5&", ",", "&DW4&", ")))),IF(DW4="","",", ")&'Campaign Calendar'!$Q5,"") | DX5: =DX4&IF(AND(AND('Campaign Calendar'!$C5=Snapshot!$A$14,'Campaign Calendar'!$D5=Snapshot!$B$2,'Campaign Calendar'!K5="X",'Campaign Calendar'!$Q5<>""),NOT(ISNUMBER(SEARCH(", "&'Campaign Calendar'!$Q5&", ",", "&DX4&", ")))),IF(DX4="","",", ")&'Campaign Calendar'!$Q5,"") | DY5: =DY4&IF(AND(AND('Campaign Calendar'!$C5=Snapshot!$A$14,'Campaign Calendar'!$D5=Snapshot!$B$2,'Campaign Calendar'!L5="X",'Campaign Calendar'!$Q5<>""),NOT(ISNUMBER(SEARCH(", "&'Campaign Calendar'!$Q5&", ",", "&DY4&", ")))),IF(DY4="","",", ")&'Campaign Calendar'!$Q5,"") | ... EC5: =EC4&IF(AND(AND('Campaign Calendar'!$C5=Snapshot!$A$14,'Campaign Calendar'!$D5=Snapshot!$B$2,'Campaign Calendar'!P5="X",'Campaign Calendar'!$Q5<>""),NOT(ISNUMBER(SEARCH(", "&'Campaign Calendar'!$Q5&", ",", "&EC4&", ")))),IF(EC4="","",", ")&'Campaign Calendar'!$Q5,"") | ED5: =ED4&IF(AND(AND('Campaign Calendar'!$C5=Snapshot!$A$15,'Campaign Calendar'!$D5=Snapshot!$B$2,'Campaign Calendar'!E5="X",'Campaign Calendar'!$Q5<>""),NOT(ISNUMBER(SEARCH(", "&'Campaign Calendar'!$Q5&", ",", "&ED4&", ")))),IF(ED4="","",", ")&'Campaign Calendar'!$Q5,"") | EE5: =EE4&IF(AND(AND('Campaign Calendar'!$C5=Snapshot!$A$15,'Campaign Calendar'!$D5=Snapshot!$B$2,'Campaign Calendar'!F5="X",'Campaign Calendar'!$Q5<>""),NOT(ISNUMBER(SEARCH(", "&'Campaign Calendar'!$Q5&", ",", "&EE4&", ")))),IF(EE4="","",", ")&'Campaign Calendar'!$Q5,"") | EF5: =EF4&IF(AND(AND('Campaign Calendar'!$C5=Snapshot!$A$15,'Campaign Calendar'!$D5=Snapshot!$B$2,'Campaign Calendar'!G5="X",'Campaign Calendar'!$Q5<>""),NOT(ISNUMBER(SEARCH(", "&'Campaign Calendar'!$Q5&", ",", "&EF4&", ")))),IF(EF4="","",", ")&'Campaign Calendar'!$Q5,"") | EG5: =EG4&IF(AND(AND('Campaign Calendar'!$C5=Snapshot!$A$15,'Campaign Calendar'!$D5=Snapshot!$B$2,'Campaign Calendar'!H5="X",'Campaign Calendar'!$Q5<>""),NOT(ISNUMBER(SEARCH(", "&'Campaign Calendar'!$Q5&", ",", "&EG4&", ")))),IF(EG4="","",", ")&'Campaign Calendar'!$Q5,"") | EH5: =EH4&IF(AND(AND('Campaign Calendar'!$C5=Snapshot!$A$15,'Campaign Calendar'!$D5=Snapshot!$B$2,'Campaign Calendar'!I5="X",'Campaign Calendar'!$Q5<>""),NOT(ISNUMBER(SEARCH(", "&'Campaign Calendar'!$Q5&", ",", "&EH4&", ")))),IF(EH4="","",", ")&'Campaign Calendar'!$Q5,"") | EI5: =EI4&IF(AND(AND('Campaign Calendar'!$C5=Snapshot!$A$15,'Campaign Calendar'!$D5=Snapshot!$B$2,'Campaign Calendar'!J5="X",'Campaign Calendar'!$Q5<>""),NOT(ISNUMBER(SEARCH(", "&'Campaign Calendar'!$Q5&", ",", "&EI4&", ")))),IF(EI4="","",", ")&'Campaign Calendar'!$Q5,"") | EJ5: =EJ4&IF(AND(AND('Campaign Calendar'!$C5=Snapshot!$A$15,'Campaign Calendar'!$D5=Snapshot!$B$2,'Campaign Calendar'!K5="X",'Campaign Calendar'!$Q5<>""),NOT(ISNUMBER(SEARCH(", "&'Campaign Calendar'!$Q5&", ",", "&EJ4&", ")))),IF(EJ4="","",", ")&'Campaign Calendar'!$Q5,"") | EK5: =EK4&IF(AND(AND('Campaign Calendar'!$C5=Snapshot!$A$15,'Campaign Calendar'!$D5=Snapshot!$B$2,'Campaign Calendar'!L5="X",'Campaign Calendar'!$Q5<>""),NOT(ISNUMBER(SEARCH(", "&'Campaign Calendar'!$Q5&", ",", "&EK4&", ")))),IF(EK4="","",", ")&'Campaign Calendar'!$Q5,"") | ... EO5: =EO4&IF(AND(AND('Campaign Calendar'!$C5=Snapshot!$A$15,'Campaign Calendar'!$D5=Snapshot!$B$2,'Campaign Calendar'!P5="X",'Campaign Calendar'!$Q5<>""),NOT(ISNUMBER(SEARCH(", "&'Campaign Calendar'!$Q5&", ",", "&EO4&", ")))),IF(EO4="","",", ")&'Campaign Calendar'!$Q5,"") | EP5: =EP4&IF(AND(AND('Campaign Calendar'!$C5=Snapshot!$A$16,'Campaign Calendar'!$D5=Snapshot!$B$2,'Campaign Calendar'!E5="X",'Campaign Calendar'!$Q5<>""),NOT(ISNUMBER(SEARCH(", "&'Campaign Calendar'!$Q5&", ",", "&EP4&", ")))),IF(EP4="","",", ")&'Campaign Calendar'!$Q5,"") | EQ5: =EQ4&IF(AND(AND('Campaign Calendar'!$C5=Snapshot!$A$16,'Campaign Calendar'!$D5=Snapshot!$B$2,'Campaign Calendar'!F5="X",'Campaign Calendar'!$Q5<>""),NOT(ISNUMBER(SEARCH(", "&'Campaign Calendar'!$Q5&", ",", "&EQ4&", ")))),IF(EQ4="","",", ")&'Campaign Calendar'!$Q5,"") | ER5: =ER4&IF(AND(AND('Campaign Calendar'!$C5=Snapshot!$A$16,'Campaign Calendar'!$D5=Snapshot!$B$2,'Campaign Calendar'!G5="X",'Campaign Calendar'!$Q5<>""),NOT(ISNUMBER(SEARCH(", "&'Campaign Calendar'!$Q5&", ",", "&ER4&", ")))),IF(ER4="","",", ")&'Campaign Calendar'!$Q5,"") | ES5: =ES4&IF(AND(AND('Campaign Calendar'!$C5=Snapshot!$A$16,'Campaign Calendar'!$D5=Snapshot!$B$2,'Campaign Calendar'!H5="X",'Campaign Calendar'!$Q5<>""),NOT(ISNUMBER(SEARCH(", "&'Campaign Calendar'!$Q5&", ",", "&ES4&", ")))),IF(ES4="","",", ")&'Campaign Calendar'!$Q5,"") | ET5: =ET4&IF(AND(AND('Campaign Calendar'!$C5=Snapshot!$A$16,'Campaign Calendar'!$D5=Snapshot!$B$2,'Campaign Calendar'!I5="X",'Campaign Calendar'!$Q5<>""),NOT(ISNUMBER(SEARCH(", "&'Campaign Calendar'!$Q5&", ",", "&ET4&", ")))),IF(ET4="","",", ")&'Campaign Calendar'!$Q5,"") | EU5: =EU4&IF(AND(AND('Campaign Calendar'!$C5=Snapshot!$A$16,'Campaign Calendar'!$D5=Snapshot!$B$2,'Campaign Calendar'!J5="X",'Campaign Calendar'!$Q5<>""),NOT(ISNUMBER(SEARCH(", "&'Campaign Calendar'!$Q5&", ",", "&EU4&", ")))),IF(EU4="","",", ")&'Campaign Calendar'!$Q5,"") | EV5: =EV4&IF(AND(AND('Campaign Calendar'!$C5=Snapshot!$A$16,'Campaign Calendar'!$D5=Snapshot!$B$2,'Campaign Calendar'!K5="X",'Campaign Calendar'!$Q5<>""),NOT(ISNUMBER(SEARCH(", "&'Campaign Calendar'!$Q5&", ",", "&EV4&", ")))),IF(EV4="","",", ")&'Campaign Calendar'!$Q5,"") | EW5: =EW4&IF(AND(AND('Campaign Calendar'!$C5=Snapshot!$A$16,'Campaign Calendar'!$D5=Snapshot!$B$2,'Campaign Calendar'!L5="X",'Campaign Calendar'!$Q5<>""),NOT(ISNUMBER(SEARCH(", "&'Campaign Calendar'!$Q5&", ",", "&EW4&", ")))),IF(EW4="","",", ")&'Campaign Calendar'!$Q5,"") | ... FA5: =FA4&IF(AND(AND('Campaign Calendar'!$C5=Snapshot!$A$16,'Campaign Calendar'!$D5=Snapshot!$B$2,'Campaign Calendar'!P5="X",'Campaign Calendar'!$Q5<>""),NOT(ISNUMBER(SEARCH(", "&'Campaign Calendar'!$Q5&", ",", "&FA4&", ")))),IF(FA4="","",", ")&'Campaign Calendar'!$Q5,"") | FB5: =FB4&IF(AND(AND('Campaign Calendar'!$C5=Snapshot!$A$17,'Campaign Calendar'!$D5=Snapshot!$B$2,'Campaign Calendar'!E5="X",'Campaign Calendar'!$Q5<>""),NOT(ISNUMBER(SEARCH(", "&'Campaign Calendar'!$Q5&", ",", "&FB4&", ")))),IF(FB4="","",", ")&'Campaign Calendar'!$Q5,"") | FC5: =FC4&IF(AND(AND('Campaign Calendar'!$C5=Snapshot!$A$17,'Campaign Calendar'!$D5=Snapshot!$B$2,'Campaign Calendar'!F5="X",'Campaign Calendar'!$Q5<>""),NOT(ISNUMBER(SEARCH(", "&'Campaign Calendar'!$Q5&", ",", "&FC4&", ")))),IF(FC4="","",", ")&'Campaign Calendar'!$Q5,"") | FD5: =FD4&IF(AND(AND('Campaign Calendar'!$C5=Snapshot!$A$17,'Campaign Calendar'!$D5=Snapshot!$B$2,'Campaign Calendar'!G5="X",'Campaign Calendar'!$Q5<>""),NOT(ISNUMBER(SEARCH(", "&'Campaign Calendar'!$Q5&", ",", "&FD4&", ")))),IF(FD4="","",", ")&'Campaign Calendar'!$Q5,"") | FE5: =FE4&IF(AND(AND('Campaign Calendar'!$C5=Snapshot!$A$17,'Campaign Calendar'!$D5=Snapshot!$B$2,'Campaign Calendar'!H5="X",'Campaign Calendar'!$Q5<>""),NOT(ISNUMBER(SEARCH(", "&'Campaign Calendar'!$Q5&", ",", "&FE4&", ")))),IF(FE4="","",", ")&'Campaign Calendar'!$Q5,"") | FF5: =FF4&IF(AND(AND('Campaign Calendar'!$C5=Snapshot!$A$17,'Campaign Calendar'!$D5=Snapshot!$B$2,'Campaign Calendar'!I5="X",'Campaign Calendar'!$Q5<>""),NOT(ISNUMBER(SEARCH(", "&'Campaign Calendar'!$Q5&", ",", "&FF4&", ")))),IF(FF4="","",", ")&'Campaign Calendar'!$Q5,"") | FG5: =FG4&IF(AND(AND('Campaign Calendar'!$C5=Snapshot!$A$17,'Campaign Calendar'!$D5=Snapshot!$B$2,'Campaign Calendar'!J5="X",'Campaign Calendar'!$Q5<>""),NOT(ISNUMBER(SEARCH(", "&'Campaign Calendar'!$Q5&", ",", "&FG4&", ")))),IF(FG4="","",", ")&'Campaign Calendar'!$Q5,"") | FH5: =FH4&IF(AND(AND('Campaign Calendar'!$C5=Snapshot!$A$17,'Campaign Calendar'!$D5=Snapshot!$B$2,'Campaign Calendar'!K5="X",'Campaign Calendar'!$Q5<>""),NOT(ISNUMBER(SEARCH(", "&'Campaign Calendar'!$Q5&", ",", "&FH4&", ")))),IF(FH4="","",", ")&'Campaign Calendar'!$Q5,"") | FI5: =FI4&IF(AND(AND('Campaign Calendar'!$C5=Snapshot!$A$17,'Campaign Calendar'!$D5=Snapshot!$B$2,'Campaign Calendar'!L5="X",'Campaign Calendar'!$Q5<>""),NOT(ISNUMBER(SEARCH(", "&'Campaign Calendar'!$Q5&", ",", "&FI4&", ")))),IF(FI4="","",", ")&'Campaign Calendar'!$Q5,"") | ... FM5: =FM4&IF(AND(AND('Campaign Calendar'!$C5=Snapshot!$A$17,'Campaign Calendar'!$D5=Snapshot!$B$2,'Campaign Calendar'!P5="X",'Campaign Calendar'!$Q5<>""),NOT(ISNUMBER(SEARCH(", "&'Campaign Calendar'!$Q5&", ",", "&FM4&", ")))),IF(FM4="","",", ")&'Campaign Calendar'!$Q5,"") | FN5: =FN4&IF(AND(AND('Campaign Calendar'!$C5=Snapshot!$A$18,'Campaign Calendar'!$D5=Snapshot!$B$2,'Campaign Calendar'!E5="X",'Campaign Calendar'!$Q5<>""),NOT(ISNUMBER(SEARCH(", "&'Campaign Calendar'!$Q5&", ",", "&FN4&", ")))),IF(FN4="","",", ")&'Campaign Calendar'!$Q5,"") | FO5: =FO4&IF(AND(AND('Campaign Calendar'!$C5=Snapshot!$A$18,'Campaign Calendar'!$D5=Snapshot!$B$2,'Campaign Calendar'!F5="X",'Campaign Calendar'!$Q5<>""),NOT(ISNUMBER(SEARCH(", "&'Campaign Calendar'!$Q5&", ",", "&FO4&", ")))),IF(FO4="","",", ")&'Campaign Calendar'!$Q5,"") | FP5: =FP4&IF(AND(AND('Campaign Calendar'!$C5=Snapshot!$A$18,'Campaign Calendar'!$D5=Snapshot!$B$2,'Campaign Calendar'!G5="X",'Campaign Calendar'!$Q5<>""),NOT(ISNUMBER(SEARCH(", "&'Campaign Calendar'!$Q5&", ",", "&FP4&", ")))),IF(FP4="","",", ")&'Campaign Calendar'!$Q5,"") | FQ5: =FQ4&IF(AND(AND('Campaign Calendar'!$C5=Snapshot!$A$18,'Campaign Calendar'!$D5=Snapshot!$B$2,'Campaign Calendar'!H5="X",'Campaign Calendar'!$Q5<>""),NOT(ISNUMBER(SEARCH(", "&'Campaign Calendar'!$Q5&", ",", "&FQ4&", ")))),IF(FQ4="","",", ")&'Campaign Calendar'!$Q5,"") | FR5: =FR4&IF(AND(AND('Campaign Calendar'!$C5=Snapshot!$A$18,'Campaign Calendar'!$D5=Snapshot!$B$2,'Campaign Calendar'!I5="X",'Campaign Calendar'!$Q5<>""),NOT(ISNUMBER(SEARCH(", "&'Campaign Calendar'!$Q5&", ",", "&FR4&", ")))),IF(FR4="","",", ")&'Campaign Calendar'!$Q5,"") | FS5: =FS4&IF(AND(AND('Campaign Calendar'!$C5=Snapshot!$A$18,'Campaign Calendar'!$D5=Snapshot!$B$2,'Campaign Calendar'!J5="X",'Campaign Calendar'!$Q5<>""),NOT(ISNUMBER(SEARCH(", "&'Campaign Calendar'!$Q5&", ",", "&FS4&", ")))),IF(FS4="","",", ")&'Campaign Calendar'!$Q5,"") | FT5: =FT4&IF(AND(AND('Campaign Calendar'!$C5=Snapshot!$A$18,'Campaign Calendar'!$D5=Snapshot!$B$2,'Campaign Calendar'!K5="X",'Campaign Calendar'!$Q5<>""),NOT(ISNUMBER(SEARCH(", "&'Campaign Calendar'!$Q5&", ",", "&FT4&", ")))),IF(FT4="","",", ")&'Campaign Calendar'!$Q5,"") | FU5: =FU4&IF(AND(AND('Campaign Calendar'!$C5=Snapshot!$A$18,'Campaign Calendar'!$D5=Snapshot!$B$2,'Campaign Calendar'!L5="X",'Campaign Calendar'!$Q5<>""),NOT(ISNUMBER(SEARCH(", "&'Campaign Calendar'!$Q5&", ",", "&FU4&", ")))),IF(FU4="","",", ")&'Campaign Calendar'!$Q5,"") | ... FY5: =FY4&IF(AND(AND('Campaign Calendar'!$C5=Snapshot!$A$18,'Campaign Calendar'!$D5=Snapshot!$B$2,'Campaign Calendar'!P5="X",'Campaign Calendar'!$Q5<>""),NOT(ISNUMBER(SEARCH(", "&'Campaign Calendar'!$Q5&", ",", "&FY4&", ")))),IF(FY4="","",", ")&'Campaign Calendar'!$Q5,"") | FZ5: =FZ4&IF(AND(AND('Campaign Calendar'!$C5=Snapshot!$A$19,'Campaign Calendar'!$D5=Snapshot!$B$2,'Campaign Calendar'!E5="X",'Campaign Calendar'!$Q5<>""),NOT(ISNUMBER(SEARCH(", "&'Campaign Calendar'!$Q5&", ",", "&FZ4&", ")))),IF(FZ4="","",", ")&'Campaign Calendar'!$Q5,"") | GA5: =GA4&IF(AND(AND('Campaign Calendar'!$C5=Snapshot!$A$19,'Campaign Calendar'!$D5=Snapshot!$B$2,'Campaign Calendar'!F5="X",'Campaign Calendar'!$Q5<>""),NOT(ISNUMBER(SEARCH(", "&'Campaign Calendar'!$Q5&", ",", "&GA4&", ")))),IF(GA4="","",", ")&'Campaign Calendar'!$Q5,"") | GB5: =GB4&IF(AND(AND('Campaign Calendar'!$C5=Snapshot!$A$19,'Campaign Calendar'!$D5=Snapshot!$B$2,'Campaign Calendar'!G5="X",'Campaign Calendar'!$Q5<>""),NOT(ISNUMBER(SEARCH(", "&'Campaign Calendar'!$Q5&", ",", "&GB4&", ")))),IF(GB4="","",", ")&'Campaign Calendar'!$Q5,"") | GC5: =GC4&IF(AND(AND('Campaign Calendar'!$C5=Snapshot!$A$19,'Campaign Calendar'!$D5=Snapshot!$B$2,'Campaign Calendar'!H5="X",'Campaign Calendar'!$Q5<>""),NOT(ISNUMBER(SEARCH(", "&'Campaign Calendar'!$Q5&", ",", "&GC4&", ")))),IF(GC4="","",", ")&'Campaign Calendar'!$Q5,"") | GD5: =GD4&IF(AND(AND('Campaign Calendar'!$C5=Snapshot!$A$19,'Campaign Calendar'!$D5=Snapshot!$B$2,'Campaign Calendar'!I5="X",'Campaign Calendar'!$Q5<>""),NOT(ISNUMBER(SEARCH(", "&'Campaign Calendar'!$Q5&", ",", "&GD4&", ")))),IF(GD4="","",", ")&'Campaign Calendar'!$Q5,"") | GE5: =GE4&IF(AND(AND('Campaign Calendar'!$C5=Snapshot!$A$19,'Campaign Calendar'!$D5=Snapshot!$B$2,'Campaign Calendar'!J5="X",'Campaign Calendar'!$Q5<>""),NOT(ISNUMBER(SEARCH(", "&'Campaign Calendar'!$Q5&", ",", "&GE4&", ")))),IF(GE4="","",", ")&'Campaign Calendar'!$Q5,"") | GF5: =GF4&IF(AND(AND('Campaign Calendar'!$C5=Snapshot!$A$19,'Campaign Calendar'!$D5=Snapshot!$B$2,'Campaign Calendar'!K5="X",'Campaign Calendar'!$Q5<>""),NOT(ISNUMBER(SEARCH(", "&'Campaign Calendar'!$Q5&", ",", "&GF4&", ")))),IF(GF4="","",", ")&'Campaign Calendar'!$Q5,"") | GG5: =GG4&IF(AND(AND('Campaign Calendar'!$C5=Snapshot!$A$19,'Campaign Calendar'!$D5=Snapshot!$B$2,'Campaign Calendar'!L5="X",'Campaign Calendar'!$Q5<>""),NOT(ISNUMBER(SEARCH(", "&'Campaign Calendar'!$Q5&", ",", "&GG4&", ")))),IF(GG4="","",", ")&'Campaign Calendar'!$Q5,"") | ... GK5: =GK4&IF(AND(AND('Campaign Calendar'!$C5=Snapshot!$A$19,'Campaign Calendar'!$D5=Snapshot!$B$2,'Campaign Calendar'!P5="X",'Campaign Calendar'!$Q5<>""),NOT(ISNUMBER(SEARCH(", "&'Campaign Calendar'!$Q5&", ",", "&GK4&", ")))),IF(GK4="","",", ")&'Campaign Calendar'!$Q5,"") | GL5: =GL4&IF(AND(AND('Campaign Calendar'!$C5=Snapshot!$A$20,'Campaign Calendar'!$D5=Snapshot!$B$2,'Campaign Calendar'!E5="X",'Campaign Calendar'!$Q5<>""),NOT(ISNUMBER(SEARCH(", "&'Campaign Calendar'!$Q5&", ",", "&GL4&", ")))),IF(GL4="","",", ")&'Campaign Calendar'!$Q5,"") | GM5: =GM4&IF(AND(AND('Campaign Calendar'!$C5=Snapshot!$A$20,'Campaign Calendar'!$D5=Snapshot!$B$2,'Campaign Calendar'!F5="X",'Campaign Calendar'!$Q5<>""),NOT(ISNUMBER(SEARCH(", "&'Campaign Calendar'!$Q5&", ",", "&GM4&", ")))),IF(GM4="","",", ")&'Campaign Calendar'!$Q5,"") | GN5: =GN4&IF(AND(AND('Campaign Calendar'!$C5=Snapshot!$A$20,'Campaign Calendar'!$D5=Snapshot!$B$2,'Campaign Calendar'!G5="X",'Campaign Calendar'!$Q5<>""),NOT(ISNUMBER(SEARCH(", "&'Campaign Calendar'!$Q5&", ",", "&GN4&", ")))),IF(GN4="","",", ")&'Campaign Calendar'!$Q5,"") | GO5: =GO4&IF(AND(AND('Campaign Calendar'!$C5=Snapshot!$A$20,'Campaign Calendar'!$D5=Snapshot!$B$2,'Campaign Calendar'!H5="X",'Campaign Calendar'!$Q5<>""),NOT(ISNUMBER(SEARCH(", "&'Campaign Calendar'!$Q5&", ",", "&GO4&", ")))),IF(GO4="","",", ")&'Campaign Calendar'!$Q5,"") | GP5: =GP4&IF(AND(AND('Campaign Calendar'!$C5=Snapshot!$A$20,'Campaign Calendar'!$D5=Snapshot!$B$2,'Campaign Calendar'!I5="X",'Campaign Calendar'!$Q5<>""),NOT(ISNUMBER(SEARCH(", "&'Campaign Calendar'!$Q5&", ",", "&GP4&", ")))),IF(GP4="","",", ")&'Campaign Calendar'!$Q5,"") | GQ5: =GQ4&IF(AND(AND('Campaign Calendar'!$C5=Snapshot!$A$20,'Campaign Calendar'!$D5=Snapshot!$B$2,'Campaign Calendar'!J5="X",'Campaign Calendar'!$Q5<>""),NOT(ISNUMBER(SEARCH(", "&'Campaign Calendar'!$Q5&", ",", "&GQ4&", ")))),IF(GQ4="","",", ")&'Campaign Calendar'!$Q5,"") | GR5: =GR4&IF(AND(AND('Campaign Calendar'!$C5=Snapshot!$A$20,'Campaign Calendar'!$D5=Snapshot!$B$2,'Campaign Calendar'!K5="X",'Campaign Calendar'!$Q5<>""),NOT(ISNUMBER(SEARCH(", "&'Campaign Calendar'!$Q5&", ",", "&GR4&", ")))),IF(GR4="","",", ")&'Campaign Calendar'!$Q5,"") | GS5: =GS4&IF(AND(AND('Campaign Calendar'!$C5=Snapshot!$A$20,'Campaign Calendar'!$D5=Snapshot!$B$2,'Campaign Calendar'!L5="X",'Campaign Calendar'!$Q5<>""),NOT(ISNUMBER(SEARCH(", "&'Campaign Calendar'!$Q5&", ",", "&GS4&", ")))),IF(GS4="","",", ")&'Campaign Calendar'!$Q5,"") | ... GW5: =GW4&IF(AND(AND('Campaign Calendar'!$C5=Snapshot!$A$20,'Campaign Calendar'!$D5=Snapshot!$B$2,'Campaign Calendar'!P5="X",'Campaign Calendar'!$Q5<>""),NOT(ISNUMBER(SEARCH(", "&'Campaign Calendar'!$Q5&", ",", "&GW4&", ")))),IF(GW4="","",", ")&'Campaign Calendar'!$Q5,"") | GX5: =GX4&IF(AND(AND('Campaign Calendar'!$C5=Snapshot!$A$21,'Campaign Calendar'!$D5=Snapshot!$B$2,'Campaign Calendar'!E5="X",'Campaign Calendar'!$Q5<>""),NOT(ISNUMBER(SEARCH(", "&'Campaign Calendar'!$Q5&", ",", "&GX4&", ")))),IF(GX4="","",", ")&'Campaign Calendar'!$Q5,"") | GY5: =GY4&IF(AND(AND('Campaign Calendar'!$C5=Snapshot!$A$21,'Campaign Calendar'!$D5=Snapshot!$B$2,'Campaign Calendar'!F5="X",'Campaign Calendar'!$Q5<>""),NOT(ISNUMBER(SEARCH(", "&'Campaign Calendar'!$Q5&", ",", "&GY4&", ")))),IF(GY4="","",", ")&'Campaign Calendar'!$Q5,"") | GZ5: =GZ4&IF(AND(AND('Campaign Calendar'!$C5=Snapshot!$A$21,'Campaign Calendar'!$D5=Snapshot!$B$2,'Campaign Calendar'!G5="X",'Campaign Calendar'!$Q5<>""),NOT(ISNUMBER(SEARCH(", "&'Campaign Calendar'!$Q5&", ",", "&GZ4&", ")))),IF(GZ4="","",", ")&'Campaign Calendar'!$Q5,"") | HA5: =HA4&IF(AND(AND('Campaign Calendar'!$C5=Snapshot!$A$21,'Campaign Calendar'!$D5=Snapshot!$B$2,'Campaign Calendar'!H5="X",'Campaign Calendar'!$Q5<>""),NOT(ISNUMBER(SEARCH(", "&'Campaign Calendar'!$Q5&", ",", "&HA4&", ")))),IF(HA4="","",", ")&'Campaign Calendar'!$Q5,"") | HB5: =HB4&IF(AND(AND('Campaign Calendar'!$C5=Snapshot!$A$21,'Campaign Calendar'!$D5=Snapshot!$B$2,'Campaign Calendar'!I5="X",'Campaign Calendar'!$Q5<>""),NOT(ISNUMBER(SEARCH(", "&'Campaign Calendar'!$Q5&", ",", "&HB4&", ")))),IF(HB4="","",", ")&'Campaign Calendar'!$Q5,"") | HC5: =HC4&IF(AND(AND('Campaign Calendar'!$C5=Snapshot!$A$21,'Campaign Calendar'!$D5=Snapshot!$B$2,'Campaign Calendar'!J5="X",'Campaign Calendar'!$Q5<>""),NOT(ISNUMBER(SEARCH(", "&'Campaign Calendar'!$Q5&", ",", "&HC4&", ")))),IF(HC4="","",", ")&'Campaign Calendar'!$Q5,"") | HD5: =HD4&IF(AND(AND('Campaign Calendar'!$C5=Snapshot!$A$21,'Campaign Calendar'!$D5=Snapshot!$B$2,'Campaign Calendar'!K5="X",'Campaign Calendar'!$Q5<>""),NOT(ISNUMBER(SEARCH(", "&'Campaign Calendar'!$Q5&", ",", "&HD4&", ")))),IF(HD4="","",", ")&'Campaign Calendar'!$Q5,"") | HE5: =HE4&IF(AND(AND('Campaign Calendar'!$C5=Snapshot!$A$21,'Campaign Calendar'!$D5=Snapshot!$B$2,'Campaign Calendar'!L5="X",'Campaign Calendar'!$Q5<>""),NOT(ISNUMBER(SEARCH(", "&'Campaign Calendar'!$Q5&", ",", "&HE4&", ")))),IF(HE4="","",", ")&'Campaign Calendar'!$Q5,"") | ... HI5: =HI4&IF(AND(AND('Campaign Calendar'!$C5=Snapshot!$A$21,'Campaign Calendar'!$D5=Snapshot!$B$2,'Campaign Calendar'!P5="X",'Campaign Calendar'!$Q5<>""),NOT(ISNUMBER(SEARCH(", "&'Campaign Calendar'!$Q5&", ",", "&HI4&", ")))),IF(HI4="","",", ")&'Campaign Calendar'!$Q5,"")
B6: =B5&IF(AND(AND('Campaign Calendar'!$C6=Snapshot!$A$4,'Campaign Calendar'!$D6=Snapshot!$B$2,'Campaign Calendar'!E6="X",'Campaign Calendar'!$Q6<>""),NOT(ISNUMBER(SEARCH(", "&'Campaign Calendar'!$Q6&", ",", "&B5&", ")))),IF(B5="","",", ")&'Campaign Calendar'!$Q6,"") | C6: =C5&IF(AND(AND('Campaign Calendar'!$C6=Snapshot!$A$4,'Campaign Calendar'!$D6=Snapshot!$B$2,'Campaign Calendar'!F6="X",'Campaign Calendar'!$Q6<>""),NOT(ISNUMBER(SEARCH(", "&'Campaign Calendar'!$Q6&", ",", "&C5&", ")))),IF(C5="","",", ")&'Campaign Calendar'!$Q6,"") | D6: =D5&IF(AND(AND('Campaign Calendar'!$C6=Snapshot!$A$4,'Campaign Calendar'!$D6=Snapshot!$B$2,'Campaign Calendar'!G6="X",'Campaign Calendar'!$Q6<>""),NOT(ISNUMBER(SEARCH(", "&'Campaign Calendar'!$Q6&", ",", "&D5&", ")))),IF(D5="","",", ")&'Campaign Calendar'!$Q6,"") | E6: =E5&IF(AND(AND('Campaign Calendar'!$C6=Snapshot!$A$4,'Campaign Calendar'!$D6=Snapshot!$B$2,'Campaign Calendar'!H6="X",'Campaign Calendar'!$Q6<>""),NOT(ISNUMBER(SEARCH(", "&'Campaign Calendar'!$Q6&", ",", "&E5&", ")))),IF(E5="","",", ")&'Campaign Calendar'!$Q6,"") | F6: =F5&IF(AND(AND('Campaign Calendar'!$C6=Snapshot!$A$4,'Campaign Calendar'!$D6=Snapshot!$B$2,'Campaign Calendar'!I6="X",'Campaign Calendar'!$Q6<>""),NOT(ISNUMBER(SEARCH(", "&'Campaign Calendar'!$Q6&", ",", "&F5&", ")))),IF(F5="","",", ")&'Campaign Calendar'!$Q6,"") | G6: =G5&IF(AND(AND('Campaign Calendar'!$C6=Snapshot!$A$4,'Campaign Calendar'!$D6=Snapshot!$B$2,'Campaign Calendar'!J6="X",'Campaign Calendar'!$Q6<>""),NOT(ISNUMBER(SEARCH(", "&'Campaign Calendar'!$Q6&", ",", "&G5&", ")))),IF(G5="","",", ")&'Campaign Calendar'!$Q6,"") | H6: =H5&IF(AND(AND('Campaign Calendar'!$C6=Snapshot!$A$4,'Campaign Calendar'!$D6=Snapshot!$B$2,'Campaign Calendar'!K6="X",'Campaign Calendar'!$Q6<>""),NOT(ISNUMBER(SEARCH(", "&'Campaign Calendar'!$Q6&", ",", "&H5&", ")))),IF(H5="","",", ")&'Campaign Calendar'!$Q6,"") | I6: =I5&IF(AND(AND('Campaign Calendar'!$C6=Snapshot!$A$4,'Campaign Calendar'!$D6=Snapshot!$B$2,'Campaign Calendar'!L6="X",'Campaign Calendar'!$Q6<>""),NOT(ISNUMBER(SEARCH(", "&'Campaign Calendar'!$Q6&", ",", "&I5&", ")))),IF(I5="","",", ")&'Campaign Calendar'!$Q6,"") | ... M6: =M5&IF(AND(AND('Campaign Calendar'!$C6=Snapshot!$A$4,'Campaign Calendar'!$D6=Snapshot!$B$2,'Campaign Calendar'!P6="X",'Campaign Calendar'!$Q6<>""),NOT(ISNUMBER(SEARCH(", "&'Campaign Calendar'!$Q6&", ",", "&M5&", ")))),IF(M5="","",", ")&'Campaign Calendar'!$Q6,"") | N6: =N5&IF(AND(AND('Campaign Calendar'!$C6=Snapshot!$A$5,'Campaign Calendar'!$D6=Snapshot!$B$2,'Campaign Calendar'!E6="X",'Campaign Calendar'!$Q6<>""),NOT(ISNUMBER(SEARCH(", "&'Campaign Calendar'!$Q6&", ",", "&N5&", ")))),IF(N5="","",", ")&'Campaign Calendar'!$Q6,"") | O6: =O5&IF(AND(AND('Campaign Calendar'!$C6=Snapshot!$A$5,'Campaign Calendar'!$D6=Snapshot!$B$2,'Campaign Calendar'!F6="X",'Campaign Calendar'!$Q6<>""),NOT(ISNUMBER(SEARCH(", "&'Campaign Calendar'!$Q6&", ",", "&O5&", ")))),IF(O5="","",", ")&'Campaign Calendar'!$Q6,"") | P6: =P5&IF(AND(AND('Campaign Calendar'!$C6=Snapshot!$A$5,'Campaign Calendar'!$D6=Snapshot!$B$2,'Campaign Calendar'!G6="X",'Campaign Calendar'!$Q6<>""),NOT(ISNUMBER(SEARCH(", "&'Campaign Calendar'!$Q6&", ",", "&P5&", ")))),IF(P5="","",", ")&'Campaign Calendar'!$Q6,"") | Q6: =Q5&IF(AND(AND('Campaign Calendar'!$C6=Snapshot!$A$5,'Campaign Calendar'!$D6=Snapshot!$B$2,'Campaign Calendar'!H6="X",'Campaign Calendar'!$Q6<>""),NOT(ISNUMBER(SEARCH(", "&'Campaign Calendar'!$Q6&", ",", "&Q5&", ")))),IF(Q5="","",", ")&'Campaign Calendar'!$Q6,"") | R6: =R5&IF(AND(AND('Campaign Calendar'!$C6=Snapshot!$A$5,'Campaign Calendar'!$D6=Snapshot!$B$2,'Campaign Calendar'!I6="X",'Campaign Calendar'!$Q6<>""),NOT(ISNUMBER(SEARCH(", "&'Campaign Calendar'!$Q6&", ",", "&R5&", ")))),IF(R5="","",", ")&'Campaign Calendar'!$Q6,"") | S6: =S5&IF(AND(AND('Campaign Calendar'!$C6=Snapshot!$A$5,'Campaign Calendar'!$D6=Snapshot!$B$2,'Campaign Calendar'!J6="X",'Campaign Calendar'!$Q6<>""),NOT(ISNUMBER(SEARCH(", "&'Campaign Calendar'!$Q6&", ",", "&S5&", ")))),IF(S5="","",", ")&'Campaign Calendar'!$Q6,"") | T6: =T5&IF(AND(AND('Campaign Calendar'!$C6=Snapshot!$A$5,'Campaign Calendar'!$D6=Snapshot!$B$2,'Campaign Calendar'!K6="X",'Campaign Calendar'!$Q6<>""),NOT(ISNUMBER(SEARCH(", "&'Campaign Calendar'!$Q6&", ",", "&T5&", ")))),IF(T5="","",", ")&'Campaign Calendar'!$Q6,"") | U6: =U5&IF(AND(AND('Campaign Calendar'!$C6=Snapshot!$A$5,'Campaign Calendar'!$D6=Snapshot!$B$2,'Campaign Calendar'!L6="X",'Campaign Calendar'!$Q6<>""),NOT(ISNUMBER(SEARCH(", "&'Campaign Calendar'!$Q6&", ",", "&U5&", ")))),IF(U5="","",", ")&'Campaign Calendar'!$Q6,"") | ... Y6: =Y5&IF(AND(AND('Campaign Calendar'!$C6=Snapshot!$A$5,'Campaign Calendar'!$D6=Snapshot!$B$2,'Campaign Calendar'!P6="X",'Campaign Calendar'!$Q6<>""),NOT(ISNUMBER(SEARCH(", "&'Campaign Calendar'!$Q6&", ",", "&Y5&", ")))),IF(Y5="","",", ")&'Campaign Calendar'!$Q6,"") | Z6: =Z5&IF(AND(AND('Campaign Calendar'!$C6=Snapshot!$A$6,'Campaign Calendar'!$D6=Snapshot!$B$2,'Campaign Calendar'!E6="X",'Campaign Calendar'!$Q6<>""),NOT(ISNUMBER(SEARCH(", "&'Campaign Calendar'!$Q6&", ",", "&Z5&", ")))),IF(Z5="","",", ")&'Campaign Calendar'!$Q6,"") | AA6: =AA5&IF(AND(AND('Campaign Calendar'!$C6=Snapshot!$A$6,'Campaign Calendar'!$D6=Snapshot!$B$2,'Campaign Calendar'!F6="X",'Campaign Calendar'!$Q6<>""),NOT(ISNUMBER(SEARCH(", "&'Campaign Calendar'!$Q6&", ",", "&AA5&", ")))),IF(AA5="","",", ")&'Campaign Calendar'!$Q6,"") | AB6: =AB5&IF(AND(AND('Campaign Calendar'!$C6=Snapshot!$A$6,'Campaign Calendar'!$D6=Snapshot!$B$2,'Campaign Calendar'!G6="X",'Campaign Calendar'!$Q6<>""),NOT(ISNUMBER(SEARCH(", "&'Campaign Calendar'!$Q6&", ",", "&AB5&", ")))),IF(AB5="","",", ")&'Campaign Calendar'!$Q6,"") | AC6: =AC5&IF(AND(AND('Campaign Calendar'!$C6=Snapshot!$A$6,'Campaign Calendar'!$D6=Snapshot!$B$2,'Campaign Calendar'!H6="X",'Campaign Calendar'!$Q6<>""),NOT(ISNUMBER(SEARCH(", "&'Campaign Calendar'!$Q6&", ",", "&AC5&", ")))),IF(AC5="","",", ")&'Campaign Calendar'!$Q6,"") | AD6: =AD5&IF(AND(AND('Campaign Calendar'!$C6=Snapshot!$A$6,'Campaign Calendar'!$D6=Snapshot!$B$2,'Campaign Calendar'!I6="X",'Campaign Calendar'!$Q6<>""),NOT(ISNUMBER(SEARCH(", "&'Campaign Calendar'!$Q6&", ",", "&AD5&", ")))),IF(AD5="","",", ")&'Campaign Calendar'!$Q6,"") | AE6: =AE5&IF(AND(AND('Campaign Calendar'!$C6=Snapshot!$A$6,'Campaign Calendar'!$D6=Snapshot!$B$2,'Campaign Calendar'!J6="X",'Campaign Calendar'!$Q6<>""),NOT(ISNUMBER(SEARCH(", "&'Campaign Calendar'!$Q6&", ",", "&AE5&", ")))),IF(AE5="","",", ")&'Campaign Calendar'!$Q6,"") | AF6: =AF5&IF(AND(AND('Campaign Calendar'!$C6=Snapshot!$A$6,'Campaign Calendar'!$D6=Snapshot!$B$2,'Campaign Calendar'!K6="X",'Campaign Calendar'!$Q6<>""),NOT(ISNUMBER(SEARCH(", "&'Campaign Calendar'!$Q6&", ",", "&AF5&", ")))),IF(AF5="","",", ")&'Campaign Calendar'!$Q6,"") | AG6: =AG5&IF(AND(AND('Campaign Calendar'!$C6=Snapshot!$A$6,'Campaign Calendar'!$D6=Snapshot!$B$2,'Campaign Calendar'!L6="X",'Campaign Calendar'!$Q6<>""),NOT(ISNUMBER(SEARCH(", "&'Campaign Calendar'!$Q6&", ",", "&AG5&", ")))),IF(AG5="","",", ")&'Campaign Calendar'!$Q6,"") | ... AK6: =AK5&IF(AND(AND('Campaign Calendar'!$C6=Snapshot!$A$6,'Campaign Calendar'!$D6=Snapshot!$B$2,'Campaign Calendar'!P6="X",'Campaign Calendar'!$Q6<>""),NOT(ISNUMBER(SEARCH(", "&'Campaign Calendar'!$Q6&", ",", "&AK5&", ")))),IF(AK5="","",", ")&'Campaign Calendar'!$Q6,"") | AL6: =AL5&IF(AND(AND('Campaign Calendar'!$C6=Snapshot!$A$7,'Campaign Calendar'!$D6=Snapshot!$B$2,'Campaign Calendar'!E6="X",'Campaign Calendar'!$Q6<>""),NOT(ISNUMBER(SEARCH(", "&'Campaign Calendar'!$Q6&", ",", "&AL5&", ")))),IF(AL5="","",", ")&'Campaign Calendar'!$Q6,"") | AM6: =AM5&IF(AND(AND('Campaign Calendar'!$C6=Snapshot!$A$7,'Campaign Calendar'!$D6=Snapshot!$B$2,'Campaign Calendar'!F6="X",'Campaign Calendar'!$Q6<>""),NOT(ISNUMBER(SEARCH(", "&'Campaign Calendar'!$Q6&", ",", "&AM5&", ")))),IF(AM5="","",", ")&'Campaign Calendar'!$Q6,"") | AN6: =AN5&IF(AND(AND('Campaign Calendar'!$C6=Snapshot!$A$7,'Campaign Calendar'!$D6=Snapshot!$B$2,'Campaign Calendar'!G6="X",'Campaign Calendar'!$Q6<>""),NOT(ISNUMBER(SEARCH(", "&'Campaign Calendar'!$Q6&", ",", "&AN5&", ")))),IF(AN5="","",", ")&'Campaign Calendar'!$Q6,"") | AO6: =AO5&IF(AND(AND('Campaign Calendar'!$C6=Snapshot!$A$7,'Campaign Calendar'!$D6=Snapshot!$B$2,'Campaign Calendar'!H6="X",'Campaign Calendar'!$Q6<>""),NOT(ISNUMBER(SEARCH(", "&'Campaign Calendar'!$Q6&", ",", "&AO5&", ")))),IF(AO5="","",", ")&'Campaign Calendar'!$Q6,"") | AP6: =AP5&IF(AND(AND('Campaign Calendar'!$C6=Snapshot!$A$7,'Campaign Calendar'!$D6=Snapshot!$B$2,'Campaign Calendar'!I6="X",'Campaign Calendar'!$Q6<>""),NOT(ISNUMBER(SEARCH(", "&'Campaign Calendar'!$Q6&", ",", "&AP5&", ")))),IF(AP5="","",", ")&'Campaign Calendar'!$Q6,"") | AQ6: =AQ5&IF(AND(AND('Campaign Calendar'!$C6=Snapshot!$A$7,'Campaign Calendar'!$D6=Snapshot!$B$2,'Campaign Calendar'!J6="X",'Campaign Calendar'!$Q6<>""),NOT(ISNUMBER(SEARCH(", "&'Campaign Calendar'!$Q6&", ",", "&AQ5&", ")))),IF(AQ5="","",", ")&'Campaign Calendar'!$Q6,"") | AR6: =AR5&IF(AND(AND('Campaign Calendar'!$C6=Snapshot!$A$7,'Campaign Calendar'!$D6=Snapshot!$B$2,'Campaign Calendar'!K6="X",'Campaign Calendar'!$Q6<>""),NOT(ISNUMBER(SEARCH(", "&'Campaign Calendar'!$Q6&", ",", "&AR5&", ")))),IF(AR5="","",", ")&'Campaign Calendar'!$Q6,"") | AS6: =AS5&IF(AND(AND('Campaign Calendar'!$C6=Snapshot!$A$7,'Campaign Calendar'!$D6=Snapshot!$B$2,'Campaign Calendar'!L6="X",'Campaign Calendar'!$Q6<>""),NOT(ISNUMBER(SEARCH(", "&'Campaign Calendar'!$Q6&", ",", "&AS5&", ")))),IF(AS5="","",", ")&'Campaign Calendar'!$Q6,"") | ... AW6: =AW5&IF(AND(AND('Campaign Calendar'!$C6=Snapshot!$A$7,'Campaign Calendar'!$D6=Snapshot!$B$2,'Campaign Calendar'!P6="X",'Campaign Calendar'!$Q6<>""),NOT(ISNUMBER(SEARCH(", "&'Campaign Calendar'!$Q6&", ",", "&AW5&", ")))),IF(AW5="","",", ")&'Campaign Calendar'!$Q6,"") | AX6: =AX5&IF(AND(AND('Campaign Calendar'!$C6=Snapshot!$A$8,'Campaign Calendar'!$D6=Snapshot!$B$2,'Campaign Calendar'!E6="X",'Campaign Calendar'!$Q6<>""),NOT(ISNUMBER(SEARCH(", "&'Campaign Calendar'!$Q6&", ",", "&AX5&", ")))),IF(AX5="","",", ")&'Campaign Calendar'!$Q6,"") | AY6: =AY5&IF(AND(AND('Campaign Calendar'!$C6=Snapshot!$A$8,'Campaign Calendar'!$D6=Snapshot!$B$2,'Campaign Calendar'!F6="X",'Campaign Calendar'!$Q6<>""),NOT(ISNUMBER(SEARCH(", "&'Campaign Calendar'!$Q6&", ",", "&AY5&", ")))),IF(AY5="","",", ")&'Campaign Calendar'!$Q6,"") | AZ6: =AZ5&IF(AND(AND('Campaign Calendar'!$C6=Snapshot!$A$8,'Campaign Calendar'!$D6=Snapshot!$B$2,'Campaign Calendar'!G6="X",'Campaign Calendar'!$Q6<>""),NOT(ISNUMBER(SEARCH(", "&'Campaign Calendar'!$Q6&", ",", "&AZ5&", ")))),IF(AZ5="","",", ")&'Campaign Calendar'!$Q6,"") | BA6: =BA5&IF(AND(AND('Campaign Calendar'!$C6=Snapshot!$A$8,'Campaign Calendar'!$D6=Snapshot!$B$2,'Campaign Calendar'!H6="X",'Campaign Calendar'!$Q6<>""),NOT(ISNUMBER(SEARCH(", "&'Campaign Calendar'!$Q6&", ",", "&BA5&", ")))),IF(BA5="","",", ")&'Campaign Calendar'!$Q6,"") | BB6: =BB5&IF(AND(AND('Campaign Calendar'!$C6=Snapshot!$A$8,'Campaign Calendar'!$D6=Snapshot!$B$2,'Campaign Calendar'!I6="X",'Campaign Calendar'!$Q6<>""),NOT(ISNUMBER(SEARCH(", "&'Campaign Calendar'!$Q6&", ",", "&BB5&", ")))),IF(BB5="","",", ")&'Campaign Calendar'!$Q6,"") | BC6: =BC5&IF(AND(AND('Campaign Calendar'!$C6=Snapshot!$A$8,'Campaign Calendar'!$D6=Snapshot!$B$2,'Campaign Calendar'!J6="X",'Campaign Calendar'!$Q6<>""),NOT(ISNUMBER(SEARCH(", "&'Campaign Calendar'!$Q6&", ",", "&BC5&", ")))),IF(BC5="","",", ")&'Campaign Calendar'!$Q6,"") | BD6: =BD5&IF(AND(AND('Campaign Calendar'!$C6=Snapshot!$A$8,'Campaign Calendar'!$D6=Snapshot!$B$2,'Campaign Calendar'!K6="X",'Campaign Calendar'!$Q6<>""),NOT(ISNUMBER(SEARCH(", "&'Campaign Calendar'!$Q6&", ",", "&BD5&", ")))),IF(BD5="","",", ")&'Campaign Calendar'!$Q6,"") | BE6: =BE5&IF(AND(AND('Campaign Calendar'!$C6=Snapshot!$A$8,'Campaign Calendar'!$D6=Snapshot!$B$2,'Campaign Calendar'!L6="X",'Campaign Calendar'!$Q6<>""),NOT(ISNUMBER(SEARCH(", "&'Campaign Calendar'!$Q6&", ",", "&BE5&", ")))),IF(BE5="","",", ")&'Campaign Calendar'!$Q6,"") | ... BI6: =BI5&IF(AND(AND('Campaign Calendar'!$C6=Snapshot!$A$8,'Campaign Calendar'!$D6=Snapshot!$B$2,'Campaign Calendar'!P6="X",'Campaign Calendar'!$Q6<>""),NOT(ISNUMBER(SEARCH(", "&'Campaign Calendar'!$Q6&", ",", "&BI5&", ")))),IF(BI5="","",", ")&'Campaign Calendar'!$Q6,"") | BJ6: =BJ5&IF(AND(AND('Campaign Calendar'!$C6=Snapshot!$A$9,'Campaign Calendar'!$D6=Snapshot!$B$2,'Campaign Calendar'!E6="X",'Campaign Calendar'!$Q6<>""),NOT(ISNUMBER(SEARCH(", "&'Campaign Calendar'!$Q6&", ",", "&BJ5&", ")))),IF(BJ5="","",", ")&'Campaign Calendar'!$Q6,"") | BK6: =BK5&IF(AND(AND('Campaign Calendar'!$C6=Snapshot!$A$9,'Campaign Calendar'!$D6=Snapshot!$B$2,'Campaign Calendar'!F6="X",'Campaign Calendar'!$Q6<>""),NOT(ISNUMBER(SEARCH(", "&'Campaign Calendar'!$Q6&", ",", "&BK5&", ")))),IF(BK5="","",", ")&'Campaign Calendar'!$Q6,"") | BL6: =BL5&IF(AND(AND('Campaign Calendar'!$C6=Snapshot!$A$9,'Campaign Calendar'!$D6=Snapshot!$B$2,'Campaign Calendar'!G6="X",'Campaign Calendar'!$Q6<>""),NOT(ISNUMBER(SEARCH(", "&'Campaign Calendar'!$Q6&", ",", "&BL5&", ")))),IF(BL5="","",", ")&'Campaign Calendar'!$Q6,"") | BM6: =BM5&IF(AND(AND('Campaign Calendar'!$C6=Snapshot!$A$9,'Campaign Calendar'!$D6=Snapshot!$B$2,'Campaign Calendar'!H6="X",'Campaign Calendar'!$Q6<>""),NOT(ISNUMBER(SEARCH(", "&'Campaign Calendar'!$Q6&", ",", "&BM5&", ")))),IF(BM5="","",", ")&'Campaign Calendar'!$Q6,"") | BN6: =BN5&IF(AND(AND('Campaign Calendar'!$C6=Snapshot!$A$9,'Campaign Calendar'!$D6=Snapshot!$B$2,'Campaign Calendar'!I6="X",'Campaign Calendar'!$Q6<>""),NOT(ISNUMBER(SEARCH(", "&'Campaign Calendar'!$Q6&", ",", "&BN5&", ")))),IF(BN5="","",", ")&'Campaign Calendar'!$Q6,"") | BO6: =BO5&IF(AND(AND('Campaign Calendar'!$C6=Snapshot!$A$9,'Campaign Calendar'!$D6=Snapshot!$B$2,'Campaign Calendar'!J6="X",'Campaign Calendar'!$Q6<>""),NOT(ISNUMBER(SEARCH(", "&'Campaign Calendar'!$Q6&", ",", "&BO5&", ")))),IF(BO5="","",", ")&'Campaign Calendar'!$Q6,"") | BP6: =BP5&IF(AND(AND('Campaign Calendar'!$C6=Snapshot!$A$9,'Campaign Calendar'!$D6=Snapshot!$B$2,'Campaign Calendar'!K6="X",'Campaign Calendar'!$Q6<>""),NOT(ISNUMBER(SEARCH(", "&'Campaign Calendar'!$Q6&", ",", "&BP5&", ")))),IF(BP5="","",", ")&'Campaign Calendar'!$Q6,"") | BQ6: =BQ5&IF(AND(AND('Campaign Calendar'!$C6=Snapshot!$A$9,'Campaign Calendar'!$D6=Snapshot!$B$2,'Campaign Calendar'!L6="X",'Campaign Calendar'!$Q6<>""),NOT(ISNUMBER(SEARCH(", "&'Campaign Calendar'!$Q6&", ",", "&BQ5&", ")))),IF(BQ5="","",", ")&'Campaign Calendar'!$Q6,"") | ... BU6: =BU5&IF(AND(AND('Campaign Calendar'!$C6=Snapshot!$A$9,'Campaign Calendar'!$D6=Snapshot!$B$2,'Campaign Calendar'!P6="X",'Campaign Calendar'!$Q6<>""),NOT(ISNUMBER(SEARCH(", "&'Campaign Calendar'!$Q6&", ",", "&BU5&", ")))),IF(BU5="","",", ")&'Campaign Calendar'!$Q6,"") | BV6: =BV5&IF(AND(AND('Campaign Calendar'!$C6=Snapshot!$A$10,'Campaign Calendar'!$D6=Snapshot!$B$2,'Campaign Calendar'!E6="X",'Campaign Calendar'!$Q6<>""),NOT(ISNUMBER(SEARCH(", "&'Campaign Calendar'!$Q6&", ",", "&BV5&", ")))),IF(BV5="","",", ")&'Campaign Calendar'!$Q6,"") | BW6: =BW5&IF(AND(AND('Campaign Calendar'!$C6=Snapshot!$A$10,'Campaign Calendar'!$D6=Snapshot!$B$2,'Campaign Calendar'!F6="X",'Campaign Calendar'!$Q6<>""),NOT(ISNUMBER(SEARCH(", "&'Campaign Calendar'!$Q6&", ",", "&BW5&", ")))),IF(BW5="","",", ")&'Campaign Calendar'!$Q6,"") | BX6: =BX5&IF(AND(AND('Campaign Calendar'!$C6=Snapshot!$A$10,'Campaign Calendar'!$D6=Snapshot!$B$2,'Campaign Calendar'!G6="X",'Campaign Calendar'!$Q6<>""),NOT(ISNUMBER(SEARCH(", "&'Campaign Calendar'!$Q6&", ",", "&BX5&", ")))),IF(BX5="","",", ")&'Campaign Calendar'!$Q6,"") | BY6: =BY5&IF(AND(AND('Campaign Calendar'!$C6=Snapshot!$A$10,'Campaign Calendar'!$D6=Snapshot!$B$2,'Campaign Calendar'!H6="X",'Campaign Calendar'!$Q6<>""),NOT(ISNUMBER(SEARCH(", "&'Campaign Calendar'!$Q6&", ",", "&BY5&", ")))),IF(BY5="","",", ")&'Campaign Calendar'!$Q6,"") | BZ6: =BZ5&IF(AND(AND('Campaign Calendar'!$C6=Snapshot!$A$10,'Campaign Calendar'!$D6=Snapshot!$B$2,'Campaign Calendar'!I6="X",'Campaign Calendar'!$Q6<>""),NOT(ISNUMBER(SEARCH(", "&'Campaign Calendar'!$Q6&", ",", "&BZ5&", ")))),IF(BZ5="","",", ")&'Campaign Calendar'!$Q6,"") | CA6: =CA5&IF(AND(AND('Campaign Calendar'!$C6=Snapshot!$A$10,'Campaign Calendar'!$D6=Snapshot!$B$2,'Campaign Calendar'!J6="X",'Campaign Calendar'!$Q6<>""),NOT(ISNUMBER(SEARCH(", "&'Campaign Calendar'!$Q6&", ",", "&CA5&", ")))),IF(CA5="","",", ")&'Campaign Calendar'!$Q6,"") | CB6: =CB5&IF(AND(AND('Campaign Calendar'!$C6=Snapshot!$A$10,'Campaign Calendar'!$D6=Snapshot!$B$2,'Campaign Calendar'!K6="X",'Campaign Calendar'!$Q6<>""),NOT(ISNUMBER(SEARCH(", "&'Campaign Calendar'!$Q6&", ",", "&CB5&", ")))),IF(CB5="","",", ")&'Campaign Calendar'!$Q6,"") | CC6: =CC5&IF(AND(AND('Campaign Calendar'!$C6=Snapshot!$A$10,'Campaign Calendar'!$D6=Snapshot!$B$2,'Campaign Calendar'!L6="X",'Campaign Calendar'!$Q6<>""),NOT(ISNUMBER(SEARCH(", "&'Campaign Calendar'!$Q6&", ",", "&CC5&", ")))),IF(CC5="","",", ")&'Campaign Calendar'!$Q6,"") | ... CG6: =CG5&IF(AND(AND('Campaign Calendar'!$C6=Snapshot!$A$10,'Campaign Calendar'!$D6=Snapshot!$B$2,'Campaign Calendar'!P6="X",'Campaign Calendar'!$Q6<>""),NOT(ISNUMBER(SEARCH(", "&'Campaign Calendar'!$Q6&", ",", "&CG5&", ")))),IF(CG5="","",", ")&'Campaign Calendar'!$Q6,"") | CH6: =CH5&IF(AND(AND('Campaign Calendar'!$C6=Snapshot!$A$11,'Campaign Calendar'!$D6=Snapshot!$B$2,'Campaign Calendar'!E6="X",'Campaign Calendar'!$Q6<>""),NOT(ISNUMBER(SEARCH(", "&'Campaign Calendar'!$Q6&", ",", "&CH5&", ")))),IF(CH5="","",", ")&'Campaign Calendar'!$Q6,"") | CI6: =CI5&IF(AND(AND('Campaign Calendar'!$C6=Snapshot!$A$11,'Campaign Calendar'!$D6=Snapshot!$B$2,'Campaign Calendar'!F6="X",'Campaign Calendar'!$Q6<>""),NOT(ISNUMBER(SEARCH(", "&'Campaign Calendar'!$Q6&", ",", "&CI5&", ")))),IF(CI5="","",", ")&'Campaign Calendar'!$Q6,"") | CJ6: =CJ5&IF(AND(AND('Campaign Calendar'!$C6=Snapshot!$A$11,'Campaign Calendar'!$D6=Snapshot!$B$2,'Campaign Calendar'!G6="X",'Campaign Calendar'!$Q6<>""),NOT(ISNUMBER(SEARCH(", "&'Campaign Calendar'!$Q6&", ",", "&CJ5&", ")))),IF(CJ5="","",", ")&'Campaign Calendar'!$Q6,"") | CK6: =CK5&IF(AND(AND('Campaign Calendar'!$C6=Snapshot!$A$11,'Campaign Calendar'!$D6=Snapshot!$B$2,'Campaign Calendar'!H6="X",'Campaign Calendar'!$Q6<>""),NOT(ISNUMBER(SEARCH(", "&'Campaign Calendar'!$Q6&", ",", "&CK5&", ")))),IF(CK5="","",", ")&'Campaign Calendar'!$Q6,"") | CL6: =CL5&IF(AND(AND('Campaign Calendar'!$C6=Snapshot!$A$11,'Campaign Calendar'!$D6=Snapshot!$B$2,'Campaign Calendar'!I6="X",'Campaign Calendar'!$Q6<>""),NOT(ISNUMBER(SEARCH(", "&'Campaign Calendar'!$Q6&", ",", "&CL5&", ")))),IF(CL5="","",", ")&'Campaign Calendar'!$Q6,"") | CM6: =CM5&IF(AND(AND('Campaign Calendar'!$C6=Snapshot!$A$11,'Campaign Calendar'!$D6=Snapshot!$B$2,'Campaign Calendar'!J6="X",'Campaign Calendar'!$Q6<>""),NOT(ISNUMBER(SEARCH(", "&'Campaign Calendar'!$Q6&", ",", "&CM5&", ")))),IF(CM5="","",", ")&'Campaign Calendar'!$Q6,"") | CN6: =CN5&IF(AND(AND('Campaign Calendar'!$C6=Snapshot!$A$11,'Campaign Calendar'!$D6=Snapshot!$B$2,'Campaign Calendar'!K6="X",'Campaign Calendar'!$Q6<>""),NOT(ISNUMBER(SEARCH(", "&'Campaign Calendar'!$Q6&", ",", "&CN5&", ")))),IF(CN5="","",", ")&'Campaign Calendar'!$Q6,"") | CO6: =CO5&IF(AND(AND('Campaign Calendar'!$C6=Snapshot!$A$11,'Campaign Calendar'!$D6=Snapshot!$B$2,'Campaign Calendar'!L6="X",'Campaign Calendar'!$Q6<>""),NOT(ISNUMBER(SEARCH(", "&'Campaign Calendar'!$Q6&", ",", "&CO5&", ")))),IF(CO5="","",", ")&'Campaign Calendar'!$Q6,"") | ... CS6: =CS5&IF(AND(AND('Campaign Calendar'!$C6=Snapshot!$A$11,'Campaign Calendar'!$D6=Snapshot!$B$2,'Campaign Calendar'!P6="X",'Campaign Calendar'!$Q6<>""),NOT(ISNUMBER(SEARCH(", "&'Campaign Calendar'!$Q6&", ",", "&CS5&", ")))),IF(CS5="","",", ")&'Campaign Calendar'!$Q6,"") | CT6: =CT5&IF(AND(AND('Campaign Calendar'!$C6=Snapshot!$A$12,'Campaign Calendar'!$D6=Snapshot!$B$2,'Campaign Calendar'!E6="X",'Campaign Calendar'!$Q6<>""),NOT(ISNUMBER(SEARCH(", "&'Campaign Calendar'!$Q6&", ",", "&CT5&", ")))),IF(CT5="","",", ")&'Campaign Calendar'!$Q6,"") | CU6: =CU5&IF(AND(AND('Campaign Calendar'!$C6=Snapshot!$A$12,'Campaign Calendar'!$D6=Snapshot!$B$2,'Campaign Calendar'!F6="X",'Campaign Calendar'!$Q6<>""),NOT(ISNUMBER(SEARCH(", "&'Campaign Calendar'!$Q6&", ",", "&CU5&", ")))),IF(CU5="","",", ")&'Campaign Calendar'!$Q6,"") | CV6: =CV5&IF(AND(AND('Campaign Calendar'!$C6=Snapshot!$A$12,'Campaign Calendar'!$D6=Snapshot!$B$2,'Campaign Calendar'!G6="X",'Campaign Calendar'!$Q6<>""),NOT(ISNUMBER(SEARCH(", "&'Campaign Calendar'!$Q6&", ",", "&CV5&", ")))),IF(CV5="","",", ")&'Campaign Calendar'!$Q6,"") | CW6: =CW5&IF(AND(AND('Campaign Calendar'!$C6=Snapshot!$A$12,'Campaign Calendar'!$D6=Snapshot!$B$2,'Campaign Calendar'!H6="X",'Campaign Calendar'!$Q6<>""),NOT(ISNUMBER(SEARCH(", "&'Campaign Calendar'!$Q6&", ",", "&CW5&", ")))),IF(CW5="","",", ")&'Campaign Calendar'!$Q6,"") | CX6: =CX5&IF(AND(AND('Campaign Calendar'!$C6=Snapshot!$A$12,'Campaign Calendar'!$D6=Snapshot!$B$2,'Campaign Calendar'!I6="X",'Campaign Calendar'!$Q6<>""),NOT(ISNUMBER(SEARCH(", "&'Campaign Calendar'!$Q6&", ",", "&CX5&", ")))),IF(CX5="","",", ")&'Campaign Calendar'!$Q6,"") | CY6: =CY5&IF(AND(AND('Campaign Calendar'!$C6=Snapshot!$A$12,'Campaign Calendar'!$D6=Snapshot!$B$2,'Campaign Calendar'!J6="X",'Campaign Calendar'!$Q6<>""),NOT(ISNUMBER(SEARCH(", "&'Campaign Calendar'!$Q6&", ",", "&CY5&", ")))),IF(CY5="","",", ")&'Campaign Calendar'!$Q6,"") | CZ6: =CZ5&IF(AND(AND('Campaign Calendar'!$C6=Snapshot!$A$12,'Campaign Calendar'!$D6=Snapshot!$B$2,'Campaign Calendar'!K6="X",'Campaign Calendar'!$Q6<>""),NOT(ISNUMBER(SEARCH(", "&'Campaign Calendar'!$Q6&", ",", "&CZ5&", ")))),IF(CZ5="","",", ")&'Campaign Calendar'!$Q6,"") | DA6: =DA5&IF(AND(AND('Campaign Calendar'!$C6=Snapshot!$A$12,'Campaign Calendar'!$D6=Snapshot!$B$2,'Campaign Calendar'!L6="X",'Campaign Calendar'!$Q6<>""),NOT(ISNUMBER(SEARCH(", "&'Campaign Calendar'!$Q6&", ",", "&DA5&", ")))),IF(DA5="","",", ")&'Campaign Calendar'!$Q6,"") | ... DE6: =DE5&IF(AND(AND('Campaign Calendar'!$C6=Snapshot!$A$12,'Campaign Calendar'!$D6=Snapshot!$B$2,'Campaign Calendar'!P6="X",'Campaign Calendar'!$Q6<>""),NOT(ISNUMBER(SEARCH(", "&'Campaign Calendar'!$Q6&", ",", "&DE5&", ")))),IF(DE5="","",", ")&'Campaign Calendar'!$Q6,"") | DF6: =DF5&IF(AND(AND('Campaign Calendar'!$C6=Snapshot!$A$13,'Campaign Calendar'!$D6=Snapshot!$B$2,'Campaign Calendar'!E6="X",'Campaign Calendar'!$Q6<>""),NOT(ISNUMBER(SEARCH(", "&'Campaign Calendar'!$Q6&", ",", "&DF5&", ")))),IF(DF5="","",", ")&'Campaign Calendar'!$Q6,"") | DG6: =DG5&IF(AND(AND('Campaign Calendar'!$C6=Snapshot!$A$13,'Campaign Calendar'!$D6=Snapshot!$B$2,'Campaign Calendar'!F6="X",'Campaign Calendar'!$Q6<>""),NOT(ISNUMBER(SEARCH(", "&'Campaign Calendar'!$Q6&", ",", "&DG5&", ")))),IF(DG5="","",", ")&'Campaign Calendar'!$Q6,"") | DH6: =DH5&IF(AND(AND('Campaign Calendar'!$C6=Snapshot!$A$13,'Campaign Calendar'!$D6=Snapshot!$B$2,'Campaign Calendar'!G6="X",'Campaign Calendar'!$Q6<>""),NOT(ISNUMBER(SEARCH(", "&'Campaign Calendar'!$Q6&", ",", "&DH5&", ")))),IF(DH5="","",", ")&'Campaign Calendar'!$Q6,"") | DI6: =DI5&IF(AND(AND('Campaign Calendar'!$C6=Snapshot!$A$13,'Campaign Calendar'!$D6=Snapshot!$B$2,'Campaign Calendar'!H6="X",'Campaign Calendar'!$Q6<>""),NOT(ISNUMBER(SEARCH(", "&'Campaign Calendar'!$Q6&", ",", "&DI5&", ")))),IF(DI5="","",", ")&'Campaign Calendar'!$Q6,"") | DJ6: =DJ5&IF(AND(AND('Campaign Calendar'!$C6=Snapshot!$A$13,'Campaign Calendar'!$D6=Snapshot!$B$2,'Campaign Calendar'!I6="X",'Campaign Calendar'!$Q6<>""),NOT(ISNUMBER(SEARCH(", "&'Campaign Calendar'!$Q6&", ",", "&DJ5&", ")))),IF(DJ5="","",", ")&'Campaign Calendar'!$Q6,"") | DK6: =DK5&IF(AND(AND('Campaign Calendar'!$C6=Snapshot!$A$13,'Campaign Calendar'!$D6=Snapshot!$B$2,'Campaign Calendar'!J6="X",'Campaign Calendar'!$Q6<>""),NOT(ISNUMBER(SEARCH(", "&'Campaign Calendar'!$Q6&", ",", "&DK5&", ")))),IF(DK5="","",", ")&'Campaign Calendar'!$Q6,"") | DL6: =DL5&IF(AND(AND('Campaign Calendar'!$C6=Snapshot!$A$13,'Campaign Calendar'!$D6=Snapshot!$B$2,'Campaign Calendar'!K6="X",'Campaign Calendar'!$Q6<>""),NOT(ISNUMBER(SEARCH(", "&'Campaign Calendar'!$Q6&", ",", "&DL5&", ")))),IF(DL5="","",", ")&'Campaign Calendar'!$Q6,"") | DM6: =DM5&IF(AND(AND('Campaign Calendar'!$C6=Snapshot!$A$13,'Campaign Calendar'!$D6=Snapshot!$B$2,'Campaign Calendar'!L6="X",'Campaign Calendar'!$Q6<>""),NOT(ISNUMBER(SEARCH(", "&'Campaign Calendar'!$Q6&", ",", "&DM5&", ")))),IF(DM5="","",", ")&'Campaign Calendar'!$Q6,"") | ... DQ6: =DQ5&IF(AND(AND('Campaign Calendar'!$C6=Snapshot!$A$13,'Campaign Calendar'!$D6=Snapshot!$B$2,'Campaign Calendar'!P6="X",'Campaign Calendar'!$Q6<>""),NOT(ISNUMBER(SEARCH(", "&'Campaign Calendar'!$Q6&", ",", "&DQ5&", ")))),IF(DQ5="","",", ")&'Campaign Calendar'!$Q6,"") | DR6: =DR5&IF(AND(AND('Campaign Calendar'!$C6=Snapshot!$A$14,'Campaign Calendar'!$D6=Snapshot!$B$2,'Campaign Calendar'!E6="X",'Campaign Calendar'!$Q6<>""),NOT(ISNUMBER(SEARCH(", "&'Campaign Calendar'!$Q6&", ",", "&DR5&", ")))),IF(DR5="","",", ")&'Campaign Calendar'!$Q6,"") | DS6: =DS5&IF(AND(AND('Campaign Calendar'!$C6=Snapshot!$A$14,'Campaign Calendar'!$D6=Snapshot!$B$2,'Campaign Calendar'!F6="X",'Campaign Calendar'!$Q6<>""),NOT(ISNUMBER(SEARCH(", "&'Campaign Calendar'!$Q6&", ",", "&DS5&", ")))),IF(DS5="","",", ")&'Campaign Calendar'!$Q6,"") | DT6: =DT5&IF(AND(AND('Campaign Calendar'!$C6=Snapshot!$A$14,'Campaign Calendar'!$D6=Snapshot!$B$2,'Campaign Calendar'!G6="X",'Campaign Calendar'!$Q6<>""),NOT(ISNUMBER(SEARCH(", "&'Campaign Calendar'!$Q6&", ",", "&DT5&", ")))),IF(DT5="","",", ")&'Campaign Calendar'!$Q6,"") | DU6: =DU5&IF(AND(AND('Campaign Calendar'!$C6=Snapshot!$A$14,'Campaign Calendar'!$D6=Snapshot!$B$2,'Campaign Calendar'!H6="X",'Campaign Calendar'!$Q6<>""),NOT(ISNUMBER(SEARCH(", "&'Campaign Calendar'!$Q6&", ",", "&DU5&", ")))),IF(DU5="","",", ")&'Campaign Calendar'!$Q6,"") | DV6: =DV5&IF(AND(AND('Campaign Calendar'!$C6=Snapshot!$A$14,'Campaign Calendar'!$D6=Snapshot!$B$2,'Campaign Calendar'!I6="X",'Campaign Calendar'!$Q6<>""),NOT(ISNUMBER(SEARCH(", "&'Campaign Calendar'!$Q6&", ",", "&DV5&", ")))),IF(DV5="","",", ")&'Campaign Calendar'!$Q6,"") | DW6: =DW5&IF(AND(AND('Campaign Calendar'!$C6=Snapshot!$A$14,'Campaign Calendar'!$D6=Snapshot!$B$2,'Campaign Calendar'!J6="X",'Campaign Calendar'!$Q6<>""),NOT(ISNUMBER(SEARCH(", "&'Campaign Calendar'!$Q6&", ",", "&DW5&", ")))),IF(DW5="","",", ")&'Campaign Calendar'!$Q6,"") | DX6: =DX5&IF(AND(AND('Campaign Calendar'!$C6=Snapshot!$A$14,'Campaign Calendar'!$D6=Snapshot!$B$2,'Campaign Calendar'!K6="X",'Campaign Calendar'!$Q6<>""),NOT(ISNUMBER(SEARCH(", "&'Campaign Calendar'!$Q6&", ",", "&DX5&", ")))),IF(DX5="","",", ")&'Campaign Calendar'!$Q6,"") | DY6: =DY5&IF(AND(AND('Campaign Calendar'!$C6=Snapshot!$A$14,'Campaign Calendar'!$D6=Snapshot!$B$2,'Campaign Calendar'!L6="X",'Campaign Calendar'!$Q6<>""),NOT(ISNUMBER(SEARCH(", "&'Campaign Calendar'!$Q6&", ",", "&DY5&", ")))),IF(DY5="","",", ")&'Campaign Calendar'!$Q6,"") | ... EC6: =EC5&IF(AND(AND('Campaign Calendar'!$C6=Snapshot!$A$14,'Campaign Calendar'!$D6=Snapshot!$B$2,'Campaign Calendar'!P6="X",'Campaign Calendar'!$Q6<>""),NOT(ISNUMBER(SEARCH(", "&'Campaign Calendar'!$Q6&", ",", "&EC5&", ")))),IF(EC5="","",", ")&'Campaign Calendar'!$Q6,"") | ED6: =ED5&IF(AND(AND('Campaign Calendar'!$C6=Snapshot!$A$15,'Campaign Calendar'!$D6=Snapshot!$B$2,'Campaign Calendar'!E6="X",'Campaign Calendar'!$Q6<>""),NOT(ISNUMBER(SEARCH(", "&'Campaign Calendar'!$Q6&", ",", "&ED5&", ")))),IF(ED5="","",", ")&'Campaign Calendar'!$Q6,"") | EE6: =EE5&IF(AND(AND('Campaign Calendar'!$C6=Snapshot!$A$15,'Campaign Calendar'!$D6=Snapshot!$B$2,'Campaign Calendar'!F6="X",'Campaign Calendar'!$Q6<>""),NOT(ISNUMBER(SEARCH(", "&'Campaign Calendar'!$Q6&", ",", "&EE5&", ")))),IF(EE5="","",", ")&'Campaign Calendar'!$Q6,"") | EF6: =EF5&IF(AND(AND('Campaign Calendar'!$C6=Snapshot!$A$15,'Campaign Calendar'!$D6=Snapshot!$B$2,'Campaign Calendar'!G6="X",'Campaign Calendar'!$Q6<>""),NOT(ISNUMBER(SEARCH(", "&'Campaign Calendar'!$Q6&", ",", "&EF5&", ")))),IF(EF5="","",", ")&'Campaign Calendar'!$Q6,"") | EG6: =EG5&IF(AND(AND('Campaign Calendar'!$C6=Snapshot!$A$15,'Campaign Calendar'!$D6=Snapshot!$B$2,'Campaign Calendar'!H6="X",'Campaign Calendar'!$Q6<>""),NOT(ISNUMBER(SEARCH(", "&'Campaign Calendar'!$Q6&", ",", "&EG5&", ")))),IF(EG5="","",", ")&'Campaign Calendar'!$Q6,"") | EH6: =EH5&IF(AND(AND('Campaign Calendar'!$C6=Snapshot!$A$15,'Campaign Calendar'!$D6=Snapshot!$B$2,'Campaign Calendar'!I6="X",'Campaign Calendar'!$Q6<>""),NOT(ISNUMBER(SEARCH(", "&'Campaign Calendar'!$Q6&", ",", "&EH5&", ")))),IF(EH5="","",", ")&'Campaign Calendar'!$Q6,"") | EI6: =EI5&IF(AND(AND('Campaign Calendar'!$C6=Snapshot!$A$15,'Campaign Calendar'!$D6=Snapshot!$B$2,'Campaign Calendar'!J6="X",'Campaign Calendar'!$Q6<>""),NOT(ISNUMBER(SEARCH(", "&'Campaign Calendar'!$Q6&", ",", "&EI5&", ")))),IF(EI5="","",", ")&'Campaign Calendar'!$Q6,"") | EJ6: =EJ5&IF(AND(AND('Campaign Calendar'!$C6=Snapshot!$A$15,'Campaign Calendar'!$D6=Snapshot!$B$2,'Campaign Calendar'!K6="X",'Campaign Calendar'!$Q6<>""),NOT(ISNUMBER(SEARCH(", "&'Campaign Calendar'!$Q6&", ",", "&EJ5&", ")))),IF(EJ5="","",", ")&'Campaign Calendar'!$Q6,"") | EK6: =EK5&IF(AND(AND('Campaign Calendar'!$C6=Snapshot!$A$15,'Campaign Calendar'!$D6=Snapshot!$B$2,'Campaign Calendar'!L6="X",'Campaign Calendar'!$Q6<>""),NOT(ISNUMBER(SEARCH(", "&'Campaign Calendar'!$Q6&", ",", "&EK5&", ")))),IF(EK5="","",", ")&'Campaign Calendar'!$Q6,"") | ... EO6: =EO5&IF(AND(AND('Campaign Calendar'!$C6=Snapshot!$A$15,'Campaign Calendar'!$D6=Snapshot!$B$2,'Campaign Calendar'!P6="X",'Campaign Calendar'!$Q6<>""),NOT(ISNUMBER(SEARCH(", "&'Campaign Calendar'!$Q6&", ",", "&EO5&", ")))),IF(EO5="","",", ")&'Campaign Calendar'!$Q6,"") | EP6: =EP5&IF(AND(AND('Campaign Calendar'!$C6=Snapshot!$A$16,'Campaign Calendar'!$D6=Snapshot!$B$2,'Campaign Calendar'!E6="X",'Campaign Calendar'!$Q6<>""),NOT(ISNUMBER(SEARCH(", "&'Campaign Calendar'!$Q6&", ",", "&EP5&", ")))),IF(EP5="","",", ")&'Campaign Calendar'!$Q6,"") | EQ6: =EQ5&IF(AND(AND('Campaign Calendar'!$C6=Snapshot!$A$16,'Campaign Calendar'!$D6=Snapshot!$B$2,'Campaign Calendar'!F6="X",'Campaign Calendar'!$Q6<>""),NOT(ISNUMBER(SEARCH(", "&'Campaign Calendar'!$Q6&", ",", "&EQ5&", ")))),IF(EQ5="","",", ")&'Campaign Calendar'!$Q6,"") | ER6: =ER5&IF(AND(AND('Campaign Calendar'!$C6=Snapshot!$A$16,'Campaign Calendar'!$D6=Snapshot!$B$2,'Campaign Calendar'!G6="X",'Campaign Calendar'!$Q6<>""),NOT(ISNUMBER(SEARCH(", "&'Campaign Calendar'!$Q6&", ",", "&ER5&", ")))),IF(ER5="","",", ")&'Campaign Calendar'!$Q6,"") | ES6: =ES5&IF(AND(AND('Campaign Calendar'!$C6=Snapshot!$A$16,'Campaign Calendar'!$D6=Snapshot!$B$2,'Campaign Calendar'!H6="X",'Campaign Calendar'!$Q6<>""),NOT(ISNUMBER(SEARCH(", "&'Campaign Calendar'!$Q6&", ",", "&ES5&", ")))),IF(ES5="","",", ")&'Campaign Calendar'!$Q6,"") | ET6: =ET5&IF(AND(AND('Campaign Calendar'!$C6=Snapshot!$A$16,'Campaign Calendar'!$D6=Snapshot!$B$2,'Campaign Calendar'!I6="X",'Campaign Calendar'!$Q6<>""),NOT(ISNUMBER(SEARCH(", "&'Campaign Calendar'!$Q6&", ",", "&ET5&", ")))),IF(ET5="","",", ")&'Campaign Calendar'!$Q6,"") | EU6: =EU5&IF(AND(AND('Campaign Calendar'!$C6=Snapshot!$A$16,'Campaign Calendar'!$D6=Snapshot!$B$2,'Campaign Calendar'!J6="X",'Campaign Calendar'!$Q6<>""),NOT(ISNUMBER(SEARCH(", "&'Campaign Calendar'!$Q6&", ",", "&EU5&", ")))),IF(EU5="","",", ")&'Campaign Calendar'!$Q6,"") | EV6: =EV5&IF(AND(AND('Campaign Calendar'!$C6=Snapshot!$A$16,'Campaign Calendar'!$D6=Snapshot!$B$2,'Campaign Calendar'!K6="X",'Campaign Calendar'!$Q6<>""),NOT(ISNUMBER(SEARCH(", "&'Campaign Calendar'!$Q6&", ",", "&EV5&", ")))),IF(EV5="","",", ")&'Campaign Calendar'!$Q6,"") | EW6: =EW5&IF(AND(AND('Campaign Calendar'!$C6=Snapshot!$A$16,'Campaign Calendar'!$D6=Snapshot!$B$2,'Campaign Calendar'!L6="X",'Campaign Calendar'!$Q6<>""),NOT(ISNUMBER(SEARCH(", "&'Campaign Calendar'!$Q6&", ",", "&EW5&", ")))),IF(EW5="","",", ")&'Campaign Calendar'!$Q6,"") | ... FA6: =FA5&IF(AND(AND('Campaign Calendar'!$C6=Snapshot!$A$16,'Campaign Calendar'!$D6=Snapshot!$B$2,'Campaign Calendar'!P6="X",'Campaign Calendar'!$Q6<>""),NOT(ISNUMBER(SEARCH(", "&'Campaign Calendar'!$Q6&", ",", "&FA5&", ")))),IF(FA5="","",", ")&'Campaign Calendar'!$Q6,"") | FB6: =FB5&IF(AND(AND('Campaign Calendar'!$C6=Snapshot!$A$17,'Campaign Calendar'!$D6=Snapshot!$B$2,'Campaign Calendar'!E6="X",'Campaign Calendar'!$Q6<>""),NOT(ISNUMBER(SEARCH(", "&'Campaign Calendar'!$Q6&", ",", "&FB5&", ")))),IF(FB5="","",", ")&'Campaign Calendar'!$Q6,"") | FC6: =FC5&IF(AND(AND('Campaign Calendar'!$C6=Snapshot!$A$17,'Campaign Calendar'!$D6=Snapshot!$B$2,'Campaign Calendar'!F6="X",'Campaign Calendar'!$Q6<>""),NOT(ISNUMBER(SEARCH(", "&'Campaign Calendar'!$Q6&", ",", "&FC5&", ")))),IF(FC5="","",", ")&'Campaign Calendar'!$Q6,"") | FD6: =FD5&IF(AND(AND('Campaign Calendar'!$C6=Snapshot!$A$17,'Campaign Calendar'!$D6=Snapshot!$B$2,'Campaign Calendar'!G6="X",'Campaign Calendar'!$Q6<>""),NOT(ISNUMBER(SEARCH(", "&'Campaign Calendar'!$Q6&", ",", "&FD5&", ")))),IF(FD5="","",", ")&'Campaign Calendar'!$Q6,"") | FE6: =FE5&IF(AND(AND('Campaign Calendar'!$C6=Snapshot!$A$17,'Campaign Calendar'!$D6=Snapshot!$B$2,'Campaign Calendar'!H6="X",'Campaign Calendar'!$Q6<>""),NOT(ISNUMBER(SEARCH(", "&'Campaign Calendar'!$Q6&", ",", "&FE5&", ")))),IF(FE5="","",", ")&'Campaign Calendar'!$Q6,"") | FF6: =FF5&IF(AND(AND('Campaign Calendar'!$C6=Snapshot!$A$17,'Campaign Calendar'!$D6=Snapshot!$B$2,'Campaign Calendar'!I6="X",'Campaign Calendar'!$Q6<>""),NOT(ISNUMBER(SEARCH(", "&'Campaign Calendar'!$Q6&", ",", "&FF5&", ")))),IF(FF5="","",", ")&'Campaign Calendar'!$Q6,"") | FG6: =FG5&IF(AND(AND('Campaign Calendar'!$C6=Snapshot!$A$17,'Campaign Calendar'!$D6=Snapshot!$B$2,'Campaign Calendar'!J6="X",'Campaign Calendar'!$Q6<>""),NOT(ISNUMBER(SEARCH(", "&'Campaign Calendar'!$Q6&", ",", "&FG5&", ")))),IF(FG5="","",", ")&'Campaign Calendar'!$Q6,"") | FH6: =FH5&IF(AND(AND('Campaign Calendar'!$C6=Snapshot!$A$17,'Campaign Calendar'!$D6=Snapshot!$B$2,'Campaign Calendar'!K6="X",'Campaign Calendar'!$Q6<>""),NOT(ISNUMBER(SEARCH(", "&'Campaign Calendar'!$Q6&", ",", "&FH5&", ")))),IF(FH5="","",", ")&'Campaign Calendar'!$Q6,"") | FI6: =FI5&IF(AND(AND('Campaign Calendar'!$C6=Snapshot!$A$17,'Campaign Calendar'!$D6=Snapshot!$B$2,'Campaign Calendar'!L6="X",'Campaign Calendar'!$Q6<>""),NOT(ISNUMBER(SEARCH(", "&'Campaign Calendar'!$Q6&", ",", "&FI5&", ")))),IF(FI5="","",", ")&'Campaign Calendar'!$Q6,"") | ... FM6: =FM5&IF(AND(AND('Campaign Calendar'!$C6=Snapshot!$A$17,'Campaign Calendar'!$D6=Snapshot!$B$2,'Campaign Calendar'!P6="X",'Campaign Calendar'!$Q6<>""),NOT(ISNUMBER(SEARCH(", "&'Campaign Calendar'!$Q6&", ",", "&FM5&", ")))),IF(FM5="","",", ")&'Campaign Calendar'!$Q6,"") | FN6: =FN5&IF(AND(AND('Campaign Calendar'!$C6=Snapshot!$A$18,'Campaign Calendar'!$D6=Snapshot!$B$2,'Campaign Calendar'!E6="X",'Campaign Calendar'!$Q6<>""),NOT(ISNUMBER(SEARCH(", "&'Campaign Calendar'!$Q6&", ",", "&FN5&", ")))),IF(FN5="","",", ")&'Campaign Calendar'!$Q6,"") | FO6: =FO5&IF(AND(AND('Campaign Calendar'!$C6=Snapshot!$A$18,'Campaign Calendar'!$D6=Snapshot!$B$2,'Campaign Calendar'!F6="X",'Campaign Calendar'!$Q6<>""),NOT(ISNUMBER(SEARCH(", "&'Campaign Calendar'!$Q6&", ",", "&FO5&", ")))),IF(FO5="","",", ")&'Campaign Calendar'!$Q6,"") | FP6: =FP5&IF(AND(AND('Campaign Calendar'!$C6=Snapshot!$A$18,'Campaign Calendar'!$D6=Snapshot!$B$2,'Campaign Calendar'!G6="X",'Campaign Calendar'!$Q6<>""),NOT(ISNUMBER(SEARCH(", "&'Campaign Calendar'!$Q6&", ",", "&FP5&", ")))),IF(FP5="","",", ")&'Campaign Calendar'!$Q6,"") | FQ6: =FQ5&IF(AND(AND('Campaign Calendar'!$C6=Snapshot!$A$18,'Campaign Calendar'!$D6=Snapshot!$B$2,'Campaign Calendar'!H6="X",'Campaign Calendar'!$Q6<>""),NOT(ISNUMBER(SEARCH(", "&'Campaign Calendar'!$Q6&", ",", "&FQ5&", ")))),IF(FQ5="","",", ")&'Campaign Calendar'!$Q6,"") | FR6: =FR5&IF(AND(AND('Campaign Calendar'!$C6=Snapshot!$A$18,'Campaign Calendar'!$D6=Snapshot!$B$2,'Campaign Calendar'!I6="X",'Campaign Calendar'!$Q6<>""),NOT(ISNUMBER(SEARCH(", "&'Campaign Calendar'!$Q6&", ",", "&FR5&", ")))),IF(FR5="","",", ")&'Campaign Calendar'!$Q6,"") | FS6: =FS5&IF(AND(AND('Campaign Calendar'!$C6=Snapshot!$A$18,'Campaign Calendar'!$D6=Snapshot!$B$2,'Campaign Calendar'!J6="X",'Campaign Calendar'!$Q6<>""),NOT(ISNUMBER(SEARCH(", "&'Campaign Calendar'!$Q6&", ",", "&FS5&", ")))),IF(FS5="","",", ")&'Campaign Calendar'!$Q6,"") | FT6: =FT5&IF(AND(AND('Campaign Calendar'!$C6=Snapshot!$A$18,'Campaign Calendar'!$D6=Snapshot!$B$2,'Campaign Calendar'!K6="X",'Campaign Calendar'!$Q6<>""),NOT(ISNUMBER(SEARCH(", "&'Campaign Calendar'!$Q6&", ",", "&FT5&", ")))),IF(FT5="","",", ")&'Campaign Calendar'!$Q6,"") | FU6: =FU5&IF(AND(AND('Campaign Calendar'!$C6=Snapshot!$A$18,'Campaign Calendar'!$D6=Snapshot!$B$2,'Campaign Calendar'!L6="X",'Campaign Calendar'!$Q6<>""),NOT(ISNUMBER(SEARCH(", "&'Campaign Calendar'!$Q6&", ",", "&FU5&", ")))),IF(FU5="","",", ")&'Campaign Calendar'!$Q6,"") | ... FY6: =FY5&IF(AND(AND('Campaign Calendar'!$C6=Snapshot!$A$18,'Campaign Calendar'!$D6=Snapshot!$B$2,'Campaign Calendar'!P6="X",'Campaign Calendar'!$Q6<>""),NOT(ISNUMBER(SEARCH(", "&'Campaign Calendar'!$Q6&", ",", "&FY5&", ")))),IF(FY5="","",", ")&'Campaign Calendar'!$Q6,"") | FZ6: =FZ5&IF(AND(AND('Campaign Calendar'!$C6=Snapshot!$A$19,'Campaign Calendar'!$D6=Snapshot!$B$2,'Campaign Calendar'!E6="X",'Campaign Calendar'!$Q6<>""),NOT(ISNUMBER(SEARCH(", "&'Campaign Calendar'!$Q6&", ",", "&FZ5&", ")))),IF(FZ5="","",", ")&'Campaign Calendar'!$Q6,"") | GA6: =GA5&IF(AND(AND('Campaign Calendar'!$C6=Snapshot!$A$19,'Campaign Calendar'!$D6=Snapshot!$B$2,'Campaign Calendar'!F6="X",'Campaign Calendar'!$Q6<>""),NOT(ISNUMBER(SEARCH(", "&'Campaign Calendar'!$Q6&", ",", "&GA5&", ")))),IF(GA5="","",", ")&'Campaign Calendar'!$Q6,"") | GB6: =GB5&IF(AND(AND('Campaign Calendar'!$C6=Snapshot!$A$19,'Campaign Calendar'!$D6=Snapshot!$B$2,'Campaign Calendar'!G6="X",'Campaign Calendar'!$Q6<>""),NOT(ISNUMBER(SEARCH(", "&'Campaign Calendar'!$Q6&", ",", "&GB5&", ")))),IF(GB5="","",", ")&'Campaign Calendar'!$Q6,"") | GC6: =GC5&IF(AND(AND('Campaign Calendar'!$C6=Snapshot!$A$19,'Campaign Calendar'!$D6=Snapshot!$B$2,'Campaign Calendar'!H6="X",'Campaign Calendar'!$Q6<>""),NOT(ISNUMBER(SEARCH(", "&'Campaign Calendar'!$Q6&", ",", "&GC5&", ")))),IF(GC5="","",", ")&'Campaign Calendar'!$Q6,"") | GD6: =GD5&IF(AND(AND('Campaign Calendar'!$C6=Snapshot!$A$19,'Campaign Calendar'!$D6=Snapshot!$B$2,'Campaign Calendar'!I6="X",'Campaign Calendar'!$Q6<>""),NOT(ISNUMBER(SEARCH(", "&'Campaign Calendar'!$Q6&", ",", "&GD5&", ")))),IF(GD5="","",", ")&'Campaign Calendar'!$Q6,"") | GE6: =GE5&IF(AND(AND('Campaign Calendar'!$C6=Snapshot!$A$19,'Campaign Calendar'!$D6=Snapshot!$B$2,'Campaign Calendar'!J6="X",'Campaign Calendar'!$Q6<>""),NOT(ISNUMBER(SEARCH(", "&'Campaign Calendar'!$Q6&", ",", "&GE5&", ")))),IF(GE5="","",", ")&'Campaign Calendar'!$Q6,"") | GF6: =GF5&IF(AND(AND('Campaign Calendar'!$C6=Snapshot!$A$19,'Campaign Calendar'!$D6=Snapshot!$B$2,'Campaign Calendar'!K6="X",'Campaign Calendar'!$Q6<>""),NOT(ISNUMBER(SEARCH(", "&'Campaign Calendar'!$Q6&", ",", "&GF5&", ")))),IF(GF5="","",", ")&'Campaign Calendar'!$Q6,"") | GG6: =GG5&IF(AND(AND('Campaign Calendar'!$C6=Snapshot!$A$19,'Campaign Calendar'!$D6=Snapshot!$B$2,'Campaign Calendar'!L6="X",'Campaign Calendar'!$Q6<>""),NOT(ISNUMBER(SEARCH(", "&'Campaign Calendar'!$Q6&", ",", "&GG5&", ")))),IF(GG5="","",", ")&'Campaign Calendar'!$Q6,"") | ... GK6: =GK5&IF(AND(AND('Campaign Calendar'!$C6=Snapshot!$A$19,'Campaign Calendar'!$D6=Snapshot!$B$2,'Campaign Calendar'!P6="X",'Campaign Calendar'!$Q6<>""),NOT(ISNUMBER(SEARCH(", "&'Campaign Calendar'!$Q6&", ",", "&GK5&", ")))),IF(GK5="","",", ")&'Campaign Calendar'!$Q6,"") | GL6: =GL5&IF(AND(AND('Campaign Calendar'!$C6=Snapshot!$A$20,'Campaign Calendar'!$D6=Snapshot!$B$2,'Campaign Calendar'!E6="X",'Campaign Calendar'!$Q6<>""),NOT(ISNUMBER(SEARCH(", "&'Campaign Calendar'!$Q6&", ",", "&GL5&", ")))),IF(GL5="","",", ")&'Campaign Calendar'!$Q6,"") | GM6: =GM5&IF(AND(AND('Campaign Calendar'!$C6=Snapshot!$A$20,'Campaign Calendar'!$D6=Snapshot!$B$2,'Campaign Calendar'!F6="X",'Campaign Calendar'!$Q6<>""),NOT(ISNUMBER(SEARCH(", "&'Campaign Calendar'!$Q6&", ",", "&GM5&", ")))),IF(GM5="","",", ")&'Campaign Calendar'!$Q6,"") | GN6: =GN5&IF(AND(AND('Campaign Calendar'!$C6=Snapshot!$A$20,'Campaign Calendar'!$D6=Snapshot!$B$2,'Campaign Calendar'!G6="X",'Campaign Calendar'!$Q6<>""),NOT(ISNUMBER(SEARCH(", "&'Campaign Calendar'!$Q6&", ",", "&GN5&", ")))),IF(GN5="","",", ")&'Campaign Calendar'!$Q6,"") | GO6: =GO5&IF(AND(AND('Campaign Calendar'!$C6=Snapshot!$A$20,'Campaign Calendar'!$D6=Snapshot!$B$2,'Campaign Calendar'!H6="X",'Campaign Calendar'!$Q6<>""),NOT(ISNUMBER(SEARCH(", "&'Campaign Calendar'!$Q6&", ",", "&GO5&", ")))),IF(GO5="","",", ")&'Campaign Calendar'!$Q6,"") | GP6: =GP5&IF(AND(AND('Campaign Calendar'!$C6=Snapshot!$A$20,'Campaign Calendar'!$D6=Snapshot!$B$2,'Campaign Calendar'!I6="X",'Campaign Calendar'!$Q6<>""),NOT(ISNUMBER(SEARCH(", "&'Campaign Calendar'!$Q6&", ",", "&GP5&", ")))),IF(GP5="","",", ")&'Campaign Calendar'!$Q6,"") | GQ6: =GQ5&IF(AND(AND('Campaign Calendar'!$C6=Snapshot!$A$20,'Campaign Calendar'!$D6=Snapshot!$B$2,'Campaign Calendar'!J6="X",'Campaign Calendar'!$Q6<>""),NOT(ISNUMBER(SEARCH(", "&'Campaign Calendar'!$Q6&", ",", "&GQ5&", ")))),IF(GQ5="","",", ")&'Campaign Calendar'!$Q6,"") | GR6: =GR5&IF(AND(AND('Campaign Calendar'!$C6=Snapshot!$A$20,'Campaign Calendar'!$D6=Snapshot!$B$2,'Campaign Calendar'!K6="X",'Campaign Calendar'!$Q6<>""),NOT(ISNUMBER(SEARCH(", "&'Campaign Calendar'!$Q6&", ",", "&GR5&", ")))),IF(GR5="","",", ")&'Campaign Calendar'!$Q6,"") | GS6: =GS5&IF(AND(AND('Campaign Calendar'!$C6=Snapshot!$A$20,'Campaign Calendar'!$D6=Snapshot!$B$2,'Campaign Calendar'!L6="X",'Campaign Calendar'!$Q6<>""),NOT(ISNUMBER(SEARCH(", "&'Campaign Calendar'!$Q6&", ",", "&GS5&", ")))),IF(GS5="","",", ")&'Campaign Calendar'!$Q6,"") | ... GW6: =GW5&IF(AND(AND('Campaign Calendar'!$C6=Snapshot!$A$20,'Campaign Calendar'!$D6=Snapshot!$B$2,'Campaign Calendar'!P6="X",'Campaign Calendar'!$Q6<>""),NOT(ISNUMBER(SEARCH(", "&'Campaign Calendar'!$Q6&", ",", "&GW5&", ")))),IF(GW5="","",", ")&'Campaign Calendar'!$Q6,"") | GX6: =GX5&IF(AND(AND('Campaign Calendar'!$C6=Snapshot!$A$21,'Campaign Calendar'!$D6=Snapshot!$B$2,'Campaign Calendar'!E6="X",'Campaign Calendar'!$Q6<>""),NOT(ISNUMBER(SEARCH(", "&'Campaign Calendar'!$Q6&", ",", "&GX5&", ")))),IF(GX5="","",", ")&'Campaign Calendar'!$Q6,"") | GY6: =GY5&IF(AND(AND('Campaign Calendar'!$C6=Snapshot!$A$21,'Campaign Calendar'!$D6=Snapshot!$B$2,'Campaign Calendar'!F6="X",'Campaign Calendar'!$Q6<>""),NOT(ISNUMBER(SEARCH(", "&'Campaign Calendar'!$Q6&", ",", "&GY5&", ")))),IF(GY5="","",", ")&'Campaign Calendar'!$Q6,"") | GZ6: =GZ5&IF(AND(AND('Campaign Calendar'!$C6=Snapshot!$A$21,'Campaign Calendar'!$D6=Snapshot!$B$2,'Campaign Calendar'!G6="X",'Campaign Calendar'!$Q6<>""),NOT(ISNUMBER(SEARCH(", "&'Campaign Calendar'!$Q6&", ",", "&GZ5&", ")))),IF(GZ5="","",", ")&'Campaign Calendar'!$Q6,"") | HA6: =HA5&IF(AND(AND('Campaign Calendar'!$C6=Snapshot!$A$21,'Campaign Calendar'!$D6=Snapshot!$B$2,'Campaign Calendar'!H6="X",'Campaign Calendar'!$Q6<>""),NOT(ISNUMBER(SEARCH(", "&'Campaign Calendar'!$Q6&", ",", "&HA5&", ")))),IF(HA5="","",", ")&'Campaign Calendar'!$Q6,"") | HB6: =HB5&IF(AND(AND('Campaign Calendar'!$C6=Snapshot!$A$21,'Campaign Calendar'!$D6=Snapshot!$B$2,'Campaign Calendar'!I6="X",'Campaign Calendar'!$Q6<>""),NOT(ISNUMBER(SEARCH(", "&'Campaign Calendar'!$Q6&", ",", "&HB5&", ")))),IF(HB5="","",", ")&'Campaign Calendar'!$Q6,"") | HC6: =HC5&IF(AND(AND('Campaign Calendar'!$C6=Snapshot!$A$21,'Campaign Calendar'!$D6=Snapshot!$B$2,'Campaign Calendar'!J6="X",'Campaign Calendar'!$Q6<>""),NOT(ISNUMBER(SEARCH(", "&'Campaign Calendar'!$Q6&", ",", "&HC5&", ")))),IF(HC5="","",", ")&'Campaign Calendar'!$Q6,"") | HD6: =HD5&IF(AND(AND('Campaign Calendar'!$C6=Snapshot!$A$21,'Campaign Calendar'!$D6=Snapshot!$B$2,'Campaign Calendar'!K6="X",'Campaign Calendar'!$Q6<>""),NOT(ISNUMBER(SEARCH(", "&'Campaign Calendar'!$Q6&", ",", "&HD5&", ")))),IF(HD5="","",", ")&'Campaign Calendar'!$Q6,"") | HE6: =HE5&IF(AND(AND('Campaign Calendar'!$C6=Snapshot!$A$21,'Campaign Calendar'!$D6=Snapshot!$B$2,'Campaign Calendar'!L6="X",'Campaign Calendar'!$Q6<>""),NOT(ISNUMBER(SEARCH(", "&'Campaign Calendar'!$Q6&", ",", "&HE5&", ")))),IF(HE5="","",", ")&'Campaign Calendar'!$Q6,"") | ... HI6: =HI5&IF(AND(AND('Campaign Calendar'!$C6=Snapshot!$A$21,'Campaign Calendar'!$D6=Snapshot!$B$2,'Campaign Calendar'!P6="X",'Campaign Calendar'!$Q6<>""),NOT(ISNUMBER(SEARCH(", "&'Campaign Calendar'!$Q6&", ",", "&HI5&", ")))),IF(HI5="","",", ")&'Campaign Calendar'!$Q6,"")
